"code","iso","country","FLI.ind.1995","FLI.ind.1996","FLI.ind.1997","FLI.ind.1998","FLI.ind.1999","FLI.ind.2000","FLI.ind.2001","FLI.ind.2002","FLI.ind.2003","FLI.ind.2004","FLI.ind.2005","FLI.ind.2006","FLI.ind.2007","FLI.ind.2008","FLI.ind.2009","FLI.ind.2010","FLI.ind.2011","FLI.ind.2012","FLI.ind.2013","FLI.ind.2014","FLI.ind.2015","FLI.ind.2016","FLI.ind.2017","FLI.ind.2018","FLI.ind.2019","FLI.ind.2020","FLI.ind.2021","FLI.ind.2022","FLI.ind.2023","FLI.ind.2024"
4,"AFG","Afghanistan",NA,NA,NA,NA,NA,NA,NA,NA,NA,NA,NA,NA,NA,NA,NA,NA,NA,NA,NA,NA,NA,NA,NA,NA,NA,NA,NA,NA,NA,NA
8,"ALB","Albania",67.5,67.5,67.5,67.5,67.5,67.5,67.5,67.5,67.5,67.5,67.5,67.5,67.5,67.5,67.5,67.5,67.5,67.5,67.5,67.5,67.5,67.5,67.5,67.5,67.5,67.5,67.5,67.5,67.5,67.5
12,"DZA","Algeria",NA,NA,NA,NA,NA,NA,NA,NA,NA,NA,NA,NA,NA,NA,NA,NA,NA,NA,NA,NA,NA,NA,NA,NA,NA,NA,NA,NA,NA,NA
20,"AND","Andorra",45.7,45.7,45.7,45.7,45.7,45.7,45.7,45.7,45.7,45.7,45.7,45.7,45.7,45.7,45.7,45.7,45.7,45.7,45.7,45.7,45.7,45.7,45.7,45.7,45.7,45.7,45.7,45.7,45.7,45.7
24,"AGO","Angola",83.5,83.5,83.5,83.5,83.5,83.5,83.5,83.5,83.5,83.5,83.5,83.5,83.5,83.5,83.5,83.5,83.5,83.5,83.5,83.5,83.5,83.5,83.5,83.5,83.5,83.5,83.5,83.5,83.5,83.5
660,"AIA","Anguilla",12.1,12.1,12.1,12.1,12.1,12.1,12.1,12.1,12.1,12.1,12.1,12.1,12.1,12.1,12.1,12.1,12.1,12.1,12.1,12.1,12.1,12.1,12.1,12.1,12.1,12.1,12.1,12.1,12.1,12.1
28,"ATG","Antigua and Barbuda",46.1,46.1,46.1,46.1,46.1,46.1,46.1,46.1,46.1,46.1,46.1,46.1,46.1,46.1,46.1,46.1,46.1,46.1,46.1,46.1,46.1,46.1,46.1,46.1,46.1,46.1,46.1,46.1,46.1,46.1
32,"ARG","Argentina",72.2,72.2,72.2,72.2,72.2,72.2,72.2,72.2,72.2,72.2,72.2,72.2,72.2,72.2,72.2,72.2,72.2,72.2,72.2,72.2,72.2,72.2,72.2,72.2,72.2,72.2,72.2,72.2,72.2,72.2
51,"ARM","Armenia",54.2,54.2,54.2,54.2,54.2,54.2,54.2,54.2,54.2,54.2,54.2,54.2,54.2,54.2,54.2,54.2,54.2,54.2,54.2,54.2,54.2,54.2,54.2,54.2,54.2,54.2,54.2,54.2,54.2,54.2
533,"ABW","Aruba",NA,NA,NA,NA,NA,NA,NA,NA,NA,NA,NA,NA,NA,NA,NA,NA,NA,NA,NA,NA,NA,NA,NA,NA,NA,NA,NA,NA,NA,NA
36,"AUS","Australia",72.2,72.2,72.2,72.2,72.2,72.2,72.2,72.2,72.2,72.2,72.2,72.2,72.2,72.2,72.2,72.2,72.2,72.2,72.2,72.2,72.2,72.2,72.2,72.2,72.2,72.2,72.2,72.2,72.2,72.2
40,"AUT","Austria",35.6,35.6,35.6,35.6,35.6,35.6,35.6,35.6,35.6,35.6,35.6,35.6,35.6,35.6,35.6,35.6,35.6,35.6,35.6,35.6,35.6,35.6,35.6,35.6,35.6,35.6,35.6,35.6,35.6,35.6
31,"AZE","Azerbaijan",65.4,65.4,65.4,65.4,65.4,65.4,65.4,65.4,65.4,65.4,65.4,65.4,65.4,65.4,65.4,65.4,65.4,65.4,65.4,65.4,65.4,65.4,65.4,65.4,65.4,65.4,65.4,65.4,65.4,65.4
44,"BHS","Bahamas",NA,NA,NA,NA,NA,NA,NA,NA,NA,NA,NA,NA,NA,NA,NA,NA,NA,NA,NA,NA,NA,NA,NA,NA,NA,NA,NA,NA,NA,NA
48,"BHR","Bahrain",NA,NA,NA,NA,NA,NA,NA,NA,NA,NA,NA,NA,NA,NA,NA,NA,NA,NA,NA,NA,NA,NA,NA,NA,NA,NA,NA,NA,NA,NA
50,"BGD","Bangladesh",53.9,53.9,53.9,53.9,53.9,53.9,53.9,53.9,53.9,53.9,53.9,53.9,53.9,53.9,53.9,53.9,53.9,53.9,53.9,53.9,53.9,53.9,53.9,53.9,53.9,53.9,53.9,53.9,53.9,53.9
52,"BRB","Barbados",5,5,5,5,5,5,5,5,5,5,5,5,5,5,5,5,5,5,5,5,5,5,5,5,5,5,5,5,5,5
112,"BLR","Belarus",36.2,36.2,36.2,36.2,36.2,36.2,36.2,36.2,36.2,36.2,36.2,36.2,36.2,36.2,36.2,36.2,36.2,36.2,36.2,36.2,36.2,36.2,36.2,36.2,36.2,36.2,36.2,36.2,36.2,36.2
56,"BEL","Belgium",13.9,13.9,13.9,13.9,13.9,13.9,13.9,13.9,13.9,13.9,13.9,13.9,13.9,13.9,13.9,13.9,13.9,13.9,13.9,13.9,13.9,13.9,13.9,13.9,13.9,13.9,13.9,13.9,13.9,13.9
84,"BLZ","Belize",60.5,60.5,60.5,60.5,60.5,60.5,60.5,60.5,60.5,60.5,60.5,60.5,60.5,60.5,60.5,60.5,60.5,60.5,60.5,60.5,60.5,60.5,60.5,60.5,60.5,60.5,60.5,60.5,60.5,60.5
204,"BEN","Benin",58.4,58.4,58.4,58.4,58.4,58.4,58.4,58.4,58.4,58.4,58.4,58.4,58.4,58.4,58.4,58.4,58.4,58.4,58.4,58.4,58.4,58.4,58.4,58.4,58.4,58.4,58.4,58.4,58.4,58.4
60,"BMU","Bermuda",NA,NA,NA,NA,NA,NA,NA,NA,NA,NA,NA,NA,NA,NA,NA,NA,NA,NA,NA,NA,NA,NA,NA,NA,NA,NA,NA,NA,NA,NA
64,"BTN","Bhutan",88.4,88.4,88.4,88.4,88.4,88.4,88.4,88.4,88.4,88.4,88.4,88.4,88.4,88.4,88.4,88.4,88.4,88.4,88.4,88.4,88.4,88.4,88.4,88.4,88.4,88.4,88.4,88.4,88.4,88.4
68,"BOL","Bolivia",84.7,84.7,84.7,84.7,84.7,84.7,84.7,84.7,84.7,84.7,84.7,84.7,84.7,84.7,84.7,84.7,84.7,84.7,84.7,84.7,84.7,84.7,84.7,84.7,84.7,84.7,84.7,84.7,84.7,84.7
70,"BIH","Bosnia and Herzegovina",59.9,59.9,59.9,59.9,59.9,59.9,59.9,59.9,59.9,59.9,59.9,59.9,59.9,59.9,59.9,59.9,59.9,59.9,59.9,59.9,59.9,59.9,59.9,59.9,59.9,59.9,59.9,59.9,59.9,59.9
72,"BWA","Botswana",NA,NA,NA,NA,NA,NA,NA,NA,NA,NA,NA,NA,NA,NA,NA,NA,NA,NA,NA,NA,NA,NA,NA,NA,NA,NA,NA,NA,NA,NA
76,"BRA","Brazil",75.1,75.1,75.1,75.1,75.1,75.1,75.1,75.1,75.1,75.1,75.1,75.1,75.1,75.1,75.1,75.1,75.1,75.1,75.1,75.1,75.1,75.1,75.1,75.1,75.1,75.1,75.1,75.1,75.1,75.1
92,"VGB","British Virgin Islands",18.8,18.8,18.8,18.8,18.8,18.8,18.8,18.8,18.8,18.8,18.8,18.8,18.8,18.8,18.8,18.8,18.8,18.8,18.8,18.8,18.8,18.8,18.8,18.8,18.8,18.8,18.8,18.8,18.8,18.8
96,"BRN","Brunei Darussalam",75.8,75.8,75.8,75.8,75.8,75.8,75.8,75.8,75.8,75.8,75.8,75.8,75.8,75.8,75.8,75.8,75.8,75.8,75.8,75.8,75.8,75.8,75.8,75.8,75.8,75.8,75.8,75.8,75.8,75.8
100,"BGR","Bulgaria",61,61,61,61,61,61,61,61,61,61,61,61,61,61,61,61,61,61,61,61,61,61,61,61,61,61,61,61,61,61
854,"BFA","Burkina Faso",NA,NA,NA,NA,NA,NA,NA,NA,NA,NA,NA,NA,NA,NA,NA,NA,NA,NA,NA,NA,NA,NA,NA,NA,NA,NA,NA,NA,NA,NA
108,"BDI","Burundi",44.4,44.4,44.4,44.4,44.4,44.4,44.4,44.4,44.4,44.4,44.4,44.4,44.4,44.4,44.4,44.4,44.4,44.4,44.4,44.4,44.4,44.4,44.4,44.4,44.4,44.4,44.4,44.4,44.4,44.4
132,"CPV","Cabo Verde",NA,NA,NA,NA,NA,NA,NA,NA,NA,NA,NA,NA,NA,NA,NA,NA,NA,NA,NA,NA,NA,NA,NA,NA,NA,NA,NA,NA,NA,NA
116,"KHM","Cambodia",63.3,63.3,63.3,63.3,63.3,63.3,63.3,63.3,63.3,63.3,63.3,63.3,63.3,63.3,63.3,63.3,63.3,63.3,63.3,63.3,63.3,63.3,63.3,63.3,63.3,63.3,63.3,63.3,63.3,63.3
120,"CMR","Cameroon",80,80,80,80,80,80,80,80,80,80,80,80,80,80,80,80,80,80,80,80,80,80,80,80,80,80,80,80,80,80
124,"CAN","Canada",89.9,89.9,89.9,89.9,89.9,89.9,89.9,89.9,89.9,89.9,89.9,89.9,89.9,89.9,89.9,89.9,89.9,89.9,89.9,89.9,89.9,89.9,89.9,89.9,89.9,89.9,89.9,89.9,89.9,89.9
136,"CYM","Cayman Islands",50.8,50.8,50.8,50.8,50.8,50.8,50.8,50.8,50.8,50.8,50.8,50.8,50.8,50.8,50.8,50.8,50.8,50.8,50.8,50.8,50.8,50.8,50.8,50.8,50.8,50.8,50.8,50.8,50.8,50.8
140,"CAF","Central African Republic",92.7,92.7,92.7,92.7,92.7,92.7,92.7,92.7,92.7,92.7,92.7,92.7,92.7,92.7,92.7,92.7,92.7,92.7,92.7,92.7,92.7,92.7,92.7,92.7,92.7,92.7,92.7,92.7,92.7,92.7
148,"TCD","Chad",NA,NA,NA,NA,NA,NA,NA,NA,NA,NA,NA,NA,NA,NA,NA,NA,NA,NA,NA,NA,NA,NA,NA,NA,NA,NA,NA,NA,NA,NA
152,"CHL","Chile",73.5,73.5,73.5,73.5,73.5,73.5,73.5,73.5,73.5,73.5,73.5,73.5,73.5,73.5,73.5,73.5,73.5,73.5,73.5,73.5,73.5,73.5,73.5,73.5,73.5,73.5,73.5,73.5,73.5,73.5
156,"CHN","China",71.4,71.4,71.4,71.4,71.4,71.4,71.4,71.4,71.4,71.4,71.4,71.4,71.4,71.4,71.4,71.4,71.4,71.4,71.4,71.4,71.4,71.4,71.4,71.4,71.4,71.4,71.4,71.4,71.4,71.4
170,"COL","Colombia",82.6,82.6,82.6,82.6,82.6,82.6,82.6,82.6,82.6,82.6,82.6,82.6,82.6,82.6,82.6,82.6,82.6,82.6,82.6,82.6,82.6,82.6,82.6,82.6,82.6,82.6,82.6,82.6,82.6,82.6
174,"COM","Comoros",77.9,77.9,77.9,77.9,77.9,77.9,77.9,77.9,77.9,77.9,77.9,77.9,77.9,77.9,77.9,77.9,77.9,77.9,77.9,77.9,77.9,77.9,77.9,77.9,77.9,77.9,77.9,77.9,77.9,77.9
184,"COK","Cook Islands",NA,NA,NA,NA,NA,NA,NA,NA,NA,NA,NA,NA,NA,NA,NA,NA,NA,NA,NA,NA,NA,NA,NA,NA,NA,NA,NA,NA,NA,NA
188,"CRI","Costa Rica",46.4,46.4,46.4,46.4,46.4,46.4,46.4,46.4,46.4,46.4,46.4,46.4,46.4,46.4,46.4,46.4,46.4,46.4,46.4,46.4,46.4,46.4,46.4,46.4,46.4,46.4,46.4,46.4,46.4,46.4
384,"CIV","Cote d'Ivoire",36.5,36.5,36.5,36.5,36.5,36.5,36.5,36.5,36.5,36.5,36.5,36.5,36.5,36.5,36.5,36.5,36.5,36.5,36.5,36.5,36.5,36.5,36.5,36.5,36.5,36.5,36.5,36.5,36.5,36.5
191,"HRV","Croatia",49,49,49,49,49,49,49,49,49,49,49,49,49,49,49,49,49,49,49,49,49,49,49,49,49,49,49,49,49,49
192,"CUB","Cuba",53.6,53.6,53.6,53.6,53.6,53.6,53.6,53.6,53.6,53.6,53.6,53.6,53.6,53.6,53.6,53.6,53.6,53.6,53.6,53.6,53.6,53.6,53.6,53.6,53.6,53.6,53.6,53.6,53.6,53.6
531,"CUW","Curacao",63.7,63.7,63.7,63.7,63.7,63.7,63.7,63.7,63.7,63.7,63.7,63.7,63.7,63.7,63.7,63.7,63.7,63.7,63.7,63.7,63.7,63.7,63.7,63.7,63.7,63.7,63.7,63.7,63.7,63.7
196,"CYP","Cyprus",74.5,74.5,74.5,74.5,74.5,74.5,74.5,74.5,74.5,74.5,74.5,74.5,74.5,74.5,74.5,74.5,74.5,74.5,74.5,74.5,74.5,74.5,74.5,74.5,74.5,74.5,74.5,74.5,74.5,74.5
203,"CZE","Czech Republic",17.1,17.1,17.1,17.1,17.1,17.1,17.1,17.1,17.1,17.1,17.1,17.1,17.1,17.1,17.1,17.1,17.1,17.1,17.1,17.1,17.1,17.1,17.1,17.1,17.1,17.1,17.1,17.1,17.1,17.1
180,"COD","Dem. Rep. Congo",75.6,75.6,75.6,75.6,75.6,75.6,75.6,75.6,75.6,75.6,75.6,75.6,75.6,75.6,75.6,75.6,75.6,75.6,75.6,75.6,75.6,75.6,75.6,75.6,75.6,75.6,75.6,75.6,75.6,75.6
208,"DNK","Denmark",4.3,4.3,4.3,4.3,4.3,4.3,4.3,4.3,4.3,4.3,4.3,4.3,4.3,4.3,4.3,4.3,4.3,4.3,4.3,4.3,4.3,4.3,4.3,4.3,4.3,4.3,4.3,4.3,4.3,4.3
262,"DJI","Djibouti",NA,NA,NA,NA,NA,NA,NA,NA,NA,NA,NA,NA,NA,NA,NA,NA,NA,NA,NA,NA,NA,NA,NA,NA,NA,NA,NA,NA,NA,NA
212,"DMA","Dominica",10,10,10,10,10,10,10,10,10,10,10,10,10,10,10,10,10,10,10,10,10,10,10,10,10,10,10,10,10,10
214,"DOM","Dominican Republic",41.8,41.8,41.8,41.8,41.8,41.8,41.8,41.8,41.8,41.8,41.8,41.8,41.8,41.8,41.8,41.8,41.8,41.8,41.8,41.8,41.8,41.8,41.8,41.8,41.8,41.8,41.8,41.8,41.8,41.8
218,"ECU","Ecuador",76.4,76.4,76.4,76.4,76.4,76.4,76.4,76.4,76.4,76.4,76.4,76.4,76.4,76.4,76.4,76.4,76.4,76.4,76.4,76.4,76.4,76.4,76.4,76.4,76.4,76.4,76.4,76.4,76.4,76.4
818,"EGY","Egypt",NA,NA,NA,NA,NA,NA,NA,NA,NA,NA,NA,NA,NA,NA,NA,NA,NA,NA,NA,NA,NA,NA,NA,NA,NA,NA,NA,NA,NA,NA
222,"SLV","El Salvador",40.2,40.2,40.2,40.2,40.2,40.2,40.2,40.2,40.2,40.2,40.2,40.2,40.2,40.2,40.2,40.2,40.2,40.2,40.2,40.2,40.2,40.2,40.2,40.2,40.2,40.2,40.2,40.2,40.2,40.2
226,"GNQ","Equatorial Guinea",80,80,80,80,80,80,80,80,80,80,80,80,80,80,80,80,80,80,80,80,80,80,80,80,80,80,80,80,80,80
232,"ERI","Eritrea",NA,NA,NA,NA,NA,NA,NA,NA,NA,NA,NA,NA,NA,NA,NA,NA,NA,NA,NA,NA,NA,NA,NA,NA,NA,NA,NA,NA,NA,NA
233,"EST","Estonia",30.3,30.3,30.3,30.3,30.3,30.3,30.3,30.3,30.3,30.3,30.3,30.3,30.3,30.3,30.3,30.3,30.3,30.3,30.3,30.3,30.3,30.3,30.3,30.3,30.3,30.3,30.3,30.3,30.3,30.3
748,"SWZ","Eswatini",41.3,41.3,41.3,41.3,41.3,41.3,41.3,41.3,41.3,41.3,41.3,41.3,41.3,41.3,41.3,41.3,41.3,41.3,41.3,41.3,41.3,41.3,41.3,41.3,41.3,41.3,41.3,41.3,41.3,41.3
231,"ETH","Ethiopia",71.7,71.7,71.7,71.7,71.7,71.7,71.7,71.7,71.7,71.7,71.7,71.7,71.7,71.7,71.7,71.7,71.7,71.7,71.7,71.7,71.7,71.7,71.7,71.7,71.7,71.7,71.7,71.7,71.7,71.7
234,"FRO","Faeroe Islands",NA,NA,NA,NA,NA,NA,NA,NA,NA,NA,NA,NA,NA,NA,NA,NA,NA,NA,NA,NA,NA,NA,NA,NA,NA,NA,NA,NA,NA,NA
238,"FLK","Falkland Islands",NA,NA,NA,NA,NA,NA,NA,NA,NA,NA,NA,NA,NA,NA,NA,NA,NA,NA,NA,NA,NA,NA,NA,NA,NA,NA,NA,NA,NA,NA
242,"FJI","Fiji",83.7,83.7,83.7,83.7,83.7,83.7,83.7,83.7,83.7,83.7,83.7,83.7,83.7,83.7,83.7,83.7,83.7,83.7,83.7,83.7,83.7,83.7,83.7,83.7,83.7,83.7,83.7,83.7,83.7,83.7
246,"FIN","Finland",50.9,50.9,50.9,50.9,50.9,50.9,50.9,50.9,50.9,50.9,50.9,50.9,50.9,50.9,50.9,50.9,50.9,50.9,50.9,50.9,50.9,50.9,50.9,50.9,50.9,50.9,50.9,50.9,50.9,50.9
250,"FRA","France",43.5,43.5,43.5,43.5,43.5,43.5,43.5,43.5,43.5,43.5,43.5,43.5,43.5,43.5,43.5,43.5,43.5,43.5,43.5,43.5,43.5,43.5,43.5,43.5,43.5,43.5,43.5,43.5,43.5,43.5
258,"PYF","French Polynesia",NA,NA,NA,NA,NA,NA,NA,NA,NA,NA,NA,NA,NA,NA,NA,NA,NA,NA,NA,NA,NA,NA,NA,NA,NA,NA,NA,NA,NA,NA
266,"GAB","Gabon",90.7,90.7,90.7,90.7,90.7,90.7,90.7,90.7,90.7,90.7,90.7,90.7,90.7,90.7,90.7,90.7,90.7,90.7,90.7,90.7,90.7,90.7,90.7,90.7,90.7,90.7,90.7,90.7,90.7,90.7
270,"GMB","Gambia",48,48,48,48,48,48,48,48,48,48,48,48,48,48,48,48,48,48,48,48,48,48,48,48,48,48,48,48,48,48
268,"GEO","Georgia",77.9,77.9,77.9,77.9,77.9,77.9,77.9,77.9,77.9,77.9,77.9,77.9,77.9,77.9,77.9,77.9,77.9,77.9,77.9,77.9,77.9,77.9,77.9,77.9,77.9,77.9,77.9,77.9,77.9,77.9
276,"DEU","Germany",22.8,22.8,22.8,22.8,22.8,22.8,22.8,22.8,22.8,22.8,22.8,22.8,22.8,22.8,22.8,22.8,22.8,22.8,22.8,22.8,22.8,22.8,22.8,22.8,22.8,22.8,22.8,22.8,22.8,22.8
288,"GHA","Ghana",45.2,45.2,45.2,45.2,45.2,45.2,45.2,45.2,45.2,45.2,45.2,45.2,45.2,45.2,45.2,45.2,45.2,45.2,45.2,45.2,45.2,45.2,45.2,45.2,45.2,45.2,45.2,45.2,45.2,45.2
300,"GRC","Greece",66.1,66.1,66.1,66.1,66.1,66.1,66.1,66.1,66.1,66.1,66.1,66.1,66.1,66.1,66.1,66.1,66.1,66.1,66.1,66.1,66.1,66.1,66.1,66.1,66.1,66.1,66.1,66.1,66.1,66.1
304,"GRL","Greenland",NA,NA,NA,NA,NA,NA,NA,NA,NA,NA,NA,NA,NA,NA,NA,NA,NA,NA,NA,NA,NA,NA,NA,NA,NA,NA,NA,NA,NA,NA
308,"GRD","Grenada",44,44,44,44,44,44,44,44,44,44,44,44,44,44,44,44,44,44,44,44,44,44,44,44,44,44,44,44,44,44
320,"GTM","Guatemala",38.5,38.5,38.5,38.5,38.5,38.5,38.5,38.5,38.5,38.5,38.5,38.5,38.5,38.5,38.5,38.5,38.5,38.5,38.5,38.5,38.5,38.5,38.5,38.5,38.5,38.5,38.5,38.5,38.5,38.5
831,"GGY","Guernsey",3.7,3.7,3.7,3.7,3.7,3.7,3.7,3.7,3.7,3.7,3.7,3.7,3.7,3.7,3.7,3.7,3.7,3.7,3.7,3.7,3.7,3.7,3.7,3.7,3.7,3.7,3.7,3.7,3.7,3.7
324,"GIN","Guinea",48.8,48.8,48.8,48.8,48.8,48.8,48.8,48.8,48.8,48.8,48.8,48.8,48.8,48.8,48.8,48.8,48.8,48.8,48.8,48.8,48.8,48.8,48.8,48.8,48.8,48.8,48.8,48.8,48.8,48.8
624,"GNB","Guinea-Bissau",56.3,56.3,56.3,56.3,56.3,56.3,56.3,56.3,56.3,56.3,56.3,56.3,56.3,56.3,56.3,56.3,56.3,56.3,56.3,56.3,56.3,56.3,56.3,56.3,56.3,56.3,56.3,56.3,56.3,56.3
328,"GUY","Guyana",95.8,95.8,95.8,95.8,95.8,95.8,95.8,95.8,95.8,95.8,95.8,95.8,95.8,95.8,95.8,95.8,95.8,95.8,95.8,95.8,95.8,95.8,95.8,95.8,95.8,95.8,95.8,95.8,95.8,95.8
332,"HTI","Haiti",40.1,40.1,40.1,40.1,40.1,40.1,40.1,40.1,40.1,40.1,40.1,40.1,40.1,40.1,40.1,40.1,40.1,40.1,40.1,40.1,40.1,40.1,40.1,40.1,40.1,40.1,40.1,40.1,40.1,40.1
336,"VAT","Holy See",NA,NA,NA,NA,NA,NA,NA,NA,NA,NA,NA,NA,NA,NA,NA,NA,NA,NA,NA,NA,NA,NA,NA,NA,NA,NA,NA,NA,NA,NA
340,"HND","Honduras",44.7,44.7,44.7,44.7,44.7,44.7,44.7,44.7,44.7,44.7,44.7,44.7,44.7,44.7,44.7,44.7,44.7,44.7,44.7,44.7,44.7,44.7,44.7,44.7,44.7,44.7,44.7,44.7,44.7,44.7
344,"HKG","Hong Kong",21.2,21.2,21.2,21.2,21.2,21.2,21.2,21.2,21.2,21.2,21.2,21.2,21.2,21.2,21.2,21.2,21.2,21.2,21.2,21.2,21.2,21.2,21.2,21.2,21.2,21.2,21.2,21.2,21.2,21.2
348,"HUN","Hungary",22.5,22.5,22.5,22.5,22.5,22.5,22.5,22.5,22.5,22.5,22.5,22.5,22.5,22.5,22.5,22.5,22.5,22.5,22.5,22.5,22.5,22.5,22.5,22.5,22.5,22.5,22.5,22.5,22.5,22.5
352,"ISL","Iceland",NA,NA,NA,NA,NA,NA,NA,NA,NA,NA,NA,NA,NA,NA,NA,NA,NA,NA,NA,NA,NA,NA,NA,NA,NA,NA,NA,NA,NA,NA
356,"IND","India",70.9,70.9,70.9,70.9,70.9,70.9,70.9,70.9,70.9,70.9,70.9,70.9,70.9,70.9,70.9,70.9,70.9,70.9,70.9,70.9,70.9,70.9,70.9,70.9,70.9,70.9,70.9,70.9,70.9,70.9
360,"IDN","Indonesia",66.1,66.1,66.1,66.1,66.1,66.1,66.1,66.1,66.1,66.1,66.1,66.1,66.1,66.1,66.1,66.1,66.1,66.1,66.1,66.1,66.1,66.1,66.1,66.1,66.1,66.1,66.1,66.1,66.1,66.1
364,"IRN","Iran",NA,NA,NA,NA,NA,NA,NA,NA,NA,NA,NA,NA,NA,NA,NA,NA,NA,NA,NA,NA,NA,NA,NA,NA,NA,NA,NA,NA,NA,NA
368,"IRQ","Iraq",NA,NA,NA,NA,NA,NA,NA,NA,NA,NA,NA,NA,NA,NA,NA,NA,NA,NA,NA,NA,NA,NA,NA,NA,NA,NA,NA,NA,NA,NA
372,"IRL","Ireland",NA,NA,NA,NA,NA,NA,NA,NA,NA,NA,NA,NA,NA,NA,NA,NA,NA,NA,NA,NA,NA,NA,NA,NA,NA,NA,NA,NA,NA,NA
833,"IMN","Isle of Man",1.7,1.7,1.7,1.7,1.7,1.7,1.7,1.7,1.7,1.7,1.7,1.7,1.7,1.7,1.7,1.7,1.7,1.7,1.7,1.7,1.7,1.7,1.7,1.7,1.7,1.7,1.7,1.7,1.7,1.7
376,"ISR","Israel",NA,NA,NA,NA,NA,NA,NA,NA,NA,NA,NA,NA,NA,NA,NA,NA,NA,NA,NA,NA,NA,NA,NA,NA,NA,NA,NA,NA,NA,NA
380,"ITA","Italy",36.5,36.5,36.5,36.5,36.5,36.5,36.5,36.5,36.5,36.5,36.5,36.5,36.5,36.5,36.5,36.5,36.5,36.5,36.5,36.5,36.5,36.5,36.5,36.5,36.5,36.5,36.5,36.5,36.5,36.5
388,"JAM","Jamaica",50.1,50.1,50.1,50.1,50.1,50.1,50.1,50.1,50.1,50.1,50.1,50.1,50.1,50.1,50.1,50.1,50.1,50.1,50.1,50.1,50.1,50.1,50.1,50.1,50.1,50.1,50.1,50.1,50.1,50.1
392,"JPN","Japan",57.4,57.4,57.4,57.4,57.4,57.4,57.4,57.4,57.4,57.4,57.4,57.4,57.4,57.4,57.4,57.4,57.4,57.4,57.4,57.4,57.4,57.4,57.4,57.4,57.4,57.4,57.4,57.4,57.4,57.4
832,"JEY","Jersey",0.2,0.2,0.2,0.2,0.2,0.2,0.2,0.2,0.2,0.2,0.2,0.2,0.2,0.2,0.2,0.2,0.2,0.2,0.2,0.2,0.2,0.2,0.2,0.2,0.2,0.2,0.2,0.2,0.2,0.2
400,"JOR","Jordan",NA,NA,NA,NA,NA,NA,NA,NA,NA,NA,NA,NA,NA,NA,NA,NA,NA,NA,NA,NA,NA,NA,NA,NA,NA,NA,NA,NA,NA,NA
398,"KAZ","Kazakhstan",NA,NA,NA,NA,NA,NA,NA,NA,NA,NA,NA,NA,NA,NA,NA,NA,NA,NA,NA,NA,NA,NA,NA,NA,NA,NA,NA,NA,NA,NA
404,"KEN","Kenya",NA,NA,NA,NA,NA,NA,NA,NA,NA,NA,NA,NA,NA,NA,NA,NA,NA,NA,NA,NA,NA,NA,NA,NA,NA,NA,NA,NA,NA,NA
296,"KIR","Kiribati",NA,NA,NA,NA,NA,NA,NA,NA,NA,NA,NA,NA,NA,NA,NA,NA,NA,NA,NA,NA,NA,NA,NA,NA,NA,NA,NA,NA,NA,NA
689,"XKX","Kosovo",NA,NA,NA,NA,NA,NA,NA,NA,NA,NA,NA,NA,NA,NA,NA,NA,NA,NA,NA,NA,NA,NA,NA,NA,NA,NA,NA,NA,NA,NA
414,"KWT","Kuwait",NA,NA,NA,NA,NA,NA,NA,NA,NA,NA,NA,NA,NA,NA,NA,NA,NA,NA,NA,NA,NA,NA,NA,NA,NA,NA,NA,NA,NA,NA
417,"KGZ","Kyrgyzstan",NA,NA,NA,NA,NA,NA,NA,NA,NA,NA,NA,NA,NA,NA,NA,NA,NA,NA,NA,NA,NA,NA,NA,NA,NA,NA,NA,NA,NA,NA
418,"LAO","Laos",55.8,55.8,55.8,55.8,55.8,55.8,55.8,55.8,55.8,55.8,55.8,55.8,55.8,55.8,55.8,55.8,55.8,55.8,55.8,55.8,55.8,55.8,55.8,55.8,55.8,55.8,55.8,55.8,55.8,55.8
428,"LVA","Latvia",20.6,20.6,20.6,20.6,20.6,20.6,20.6,20.6,20.6,20.6,20.6,20.6,20.6,20.6,20.6,20.6,20.6,20.6,20.6,20.6,20.6,20.6,20.6,20.6,20.6,20.6,20.6,20.6,20.6,20.6
422,"LBN","Lebanon",37.5,37.5,37.5,37.5,37.5,37.5,37.5,37.5,37.5,37.5,37.5,37.5,37.5,37.5,37.5,37.5,37.5,37.5,37.5,37.5,37.5,37.5,37.5,37.5,37.5,37.5,37.5,37.5,37.5,37.5
426,"LSO","Lesotho",45.9,45.9,45.9,45.9,45.9,45.9,45.9,45.9,45.9,45.9,45.9,45.9,45.9,45.9,45.9,45.9,45.9,45.9,45.9,45.9,45.9,45.9,45.9,45.9,45.9,45.9,45.9,45.9,45.9,45.9
430,"LBR","Liberia",47.8,47.8,47.8,47.8,47.8,47.8,47.8,47.8,47.8,47.8,47.8,47.8,47.8,47.8,47.8,47.8,47.8,47.8,47.8,47.8,47.8,47.8,47.8,47.8,47.8,47.8,47.8,47.8,47.8,47.8
434,"LBY","Libya",NA,NA,NA,NA,NA,NA,NA,NA,NA,NA,NA,NA,NA,NA,NA,NA,NA,NA,NA,NA,NA,NA,NA,NA,NA,NA,NA,NA,NA,NA
438,"LIE","Liechtenstein",38.4,38.4,38.4,38.4,38.4,38.4,38.4,38.4,38.4,38.4,38.4,38.4,38.4,38.4,38.4,38.4,38.4,38.4,38.4,38.4,38.4,38.4,38.4,38.4,38.4,38.4,38.4,38.4,38.4,38.4
440,"LTU","Lithuania",16.4,16.4,16.4,16.4,16.4,16.4,16.4,16.4,16.4,16.4,16.4,16.4,16.4,16.4,16.4,16.4,16.4,16.4,16.4,16.4,16.4,16.4,16.4,16.4,16.4,16.4,16.4,16.4,16.4,16.4
442,"LUX","Luxembourg",11,11,11,11,11,11,11,11,11,11,11,11,11,11,11,11,11,11,11,11,11,11,11,11,11,11,11,11,11,11
446,"MAC","Macao",12.8,12.8,12.8,12.8,12.8,12.8,12.8,12.8,12.8,12.8,12.8,12.8,12.8,12.8,12.8,12.8,12.8,12.8,12.8,12.8,12.8,12.8,12.8,12.8,12.8,12.8,12.8,12.8,12.8,12.8
450,"MDG","Madagascar",46.3,46.3,46.3,46.3,46.3,46.3,46.3,46.3,46.3,46.3,46.3,46.3,46.3,46.3,46.3,46.3,46.3,46.3,46.3,46.3,46.3,46.3,46.3,46.3,46.3,46.3,46.3,46.3,46.3,46.3
454,"MWI","Malawi",57.3,57.3,57.3,57.3,57.3,57.3,57.3,57.3,57.3,57.3,57.3,57.3,57.3,57.3,57.3,57.3,57.3,57.3,57.3,57.3,57.3,57.3,57.3,57.3,57.3,57.3,57.3,57.3,57.3,57.3
458,"MYS","Malaysia",50.1,50.1,50.1,50.1,50.1,50.1,50.1,50.1,50.1,50.1,50.1,50.1,50.1,50.1,50.1,50.1,50.1,50.1,50.1,50.1,50.1,50.1,50.1,50.1,50.1,50.1,50.1,50.1,50.1,50.1
462,"MDV","Maldives",NA,NA,NA,NA,NA,NA,NA,NA,NA,NA,NA,NA,NA,NA,NA,NA,NA,NA,NA,NA,NA,NA,NA,NA,NA,NA,NA,NA,NA,NA
466,"MLI","Mali",NA,NA,NA,NA,NA,NA,NA,NA,NA,NA,NA,NA,NA,NA,NA,NA,NA,NA,NA,NA,NA,NA,NA,NA,NA,NA,NA,NA,NA,NA
470,"MLT","Malta",NA,NA,NA,NA,NA,NA,NA,NA,NA,NA,NA,NA,NA,NA,NA,NA,NA,NA,NA,NA,NA,NA,NA,NA,NA,NA,NA,NA,NA,NA
584,"MHL","Marshall Islands",NA,NA,NA,NA,NA,NA,NA,NA,NA,NA,NA,NA,NA,NA,NA,NA,NA,NA,NA,NA,NA,NA,NA,NA,NA,NA,NA,NA,NA,NA
478,"MRT","Mauritania",NA,NA,NA,NA,NA,NA,NA,NA,NA,NA,NA,NA,NA,NA,NA,NA,NA,NA,NA,NA,NA,NA,NA,NA,NA,NA,NA,NA,NA,NA
480,"MUS","Mauritius",NA,NA,NA,NA,NA,NA,NA,NA,NA,NA,NA,NA,NA,NA,NA,NA,NA,NA,NA,NA,NA,NA,NA,NA,NA,NA,NA,NA,NA,NA
484,"MEX","Mexico",68.2,68.2,68.2,68.2,68.2,68.2,68.2,68.2,68.2,68.2,68.2,68.2,68.2,68.2,68.2,68.2,68.2,68.2,68.2,68.2,68.2,68.2,68.2,68.2,68.2,68.2,68.2,68.2,68.2,68.2
583,"FSM","Micronesia",NA,NA,NA,NA,NA,NA,NA,NA,NA,NA,NA,NA,NA,NA,NA,NA,NA,NA,NA,NA,NA,NA,NA,NA,NA,NA,NA,NA,NA,NA
498,"MDA","Moldova",NA,NA,NA,NA,NA,NA,NA,NA,NA,NA,NA,NA,NA,NA,NA,NA,NA,NA,NA,NA,NA,NA,NA,NA,NA,NA,NA,NA,NA,NA
492,"MCO","Monaco",NA,NA,NA,NA,NA,NA,NA,NA,NA,NA,NA,NA,NA,NA,NA,NA,NA,NA,NA,NA,NA,NA,NA,NA,NA,NA,NA,NA,NA,NA
496,"MNG","Mongolia",NA,NA,NA,NA,NA,NA,NA,NA,NA,NA,NA,NA,NA,NA,NA,NA,NA,NA,NA,NA,NA,NA,NA,NA,NA,NA,NA,NA,NA,NA
499,"MNE","Montenegro",65,65,65,65,65,65,65,65,65,65,65,65,65,65,65,65,65,65,65,65,65,65,65,65,65,65,65,65,65,65
504,"MAR","Morocco",NA,NA,NA,NA,NA,NA,NA,NA,NA,NA,NA,NA,NA,NA,NA,NA,NA,NA,NA,NA,NA,NA,NA,NA,NA,NA,NA,NA,NA,NA
508,"MOZ","Mozambique",69.2,69.2,69.2,69.2,69.2,69.2,69.2,69.2,69.2,69.2,69.2,69.2,69.2,69.2,69.2,69.2,69.2,69.2,69.2,69.2,69.2,69.2,69.2,69.2,69.2,69.2,69.2,69.2,69.2,69.2
104,"MMR","Myanmar",71.7,71.7,71.7,71.7,71.7,71.7,71.7,71.7,71.7,71.7,71.7,71.7,71.7,71.7,71.7,71.7,71.7,71.7,71.7,71.7,71.7,71.7,71.7,71.7,71.7,71.7,71.7,71.7,71.7,71.7
516,"NAM","Namibia",NA,NA,NA,NA,NA,NA,NA,NA,NA,NA,NA,NA,NA,NA,NA,NA,NA,NA,NA,NA,NA,NA,NA,NA,NA,NA,NA,NA,NA,NA
520,"NRU","Nauru",NA,NA,NA,NA,NA,NA,NA,NA,NA,NA,NA,NA,NA,NA,NA,NA,NA,NA,NA,NA,NA,NA,NA,NA,NA,NA,NA,NA,NA,NA
524,"NPL","Nepal",72.3,72.3,72.3,72.3,72.3,72.3,72.3,72.3,72.3,72.3,72.3,72.3,72.3,72.3,72.3,72.3,72.3,72.3,72.3,72.3,72.3,72.3,72.3,72.3,72.3,72.3,72.3,72.3,72.3,72.3
528,"NLD","Netherlands",5.7,5.7,5.7,5.7,5.7,5.7,5.7,5.7,5.7,5.7,5.7,5.7,5.7,5.7,5.7,5.7,5.7,5.7,5.7,5.7,5.7,5.7,5.7,5.7,5.7,5.7,5.7,5.7,5.7,5.7
540,"NCL","New Caledonia",85.5,85.5,85.5,85.5,85.5,85.5,85.5,85.5,85.5,85.5,85.5,85.5,85.5,85.5,85.5,85.5,85.5,85.5,85.5,85.5,85.5,85.5,85.5,85.5,85.5,85.5,85.5,85.5,85.5,85.5
554,"NZL","New Zealand",70.9,70.9,70.9,70.9,70.9,70.9,70.9,70.9,70.9,70.9,70.9,70.9,70.9,70.9,70.9,70.9,70.9,70.9,70.9,70.9,70.9,70.9,70.9,70.9,70.9,70.9,70.9,70.9,70.9,70.9
558,"NIC","Nicaragua",36.1,36.1,36.1,36.1,36.1,36.1,36.1,36.1,36.1,36.1,36.1,36.1,36.1,36.1,36.1,36.1,36.1,36.1,36.1,36.1,36.1,36.1,36.1,36.1,36.1,36.1,36.1,36.1,36.1,36.1
562,"NER","Niger",NA,NA,NA,NA,NA,NA,NA,NA,NA,NA,NA,NA,NA,NA,NA,NA,NA,NA,NA,NA,NA,NA,NA,NA,NA,NA,NA,NA,NA,NA
566,"NGA","Nigeria",61.8,61.8,61.8,61.8,61.8,61.8,61.8,61.8,61.8,61.8,61.8,61.8,61.8,61.8,61.8,61.8,61.8,61.8,61.8,61.8,61.8,61.8,61.8,61.8,61.8,61.8,61.8,61.8,61.8,61.8
570,"NIU","Niue",NA,NA,NA,NA,NA,NA,NA,NA,NA,NA,NA,NA,NA,NA,NA,NA,NA,NA,NA,NA,NA,NA,NA,NA,NA,NA,NA,NA,NA,NA
408,"PRK","North Korea",80.2,80.2,80.2,80.2,80.2,80.2,80.2,80.2,80.2,80.2,80.2,80.2,80.2,80.2,80.2,80.2,80.2,80.2,80.2,80.2,80.2,80.2,80.2,80.2,80.2,80.2,80.2,80.2,80.2,80.2
807,"MKD","North Macedonia",74.3,74.3,74.3,74.3,74.3,74.3,74.3,74.3,74.3,74.3,74.3,74.3,74.3,74.3,74.3,74.3,74.3,74.3,74.3,74.3,74.3,74.3,74.3,74.3,74.3,74.3,74.3,74.3,74.3,74.3
578,"NOR","Norway",69.7,69.7,69.7,69.7,69.7,69.7,69.7,69.7,69.7,69.7,69.7,69.7,69.7,69.7,69.7,69.7,69.7,69.7,69.7,69.7,69.7,69.7,69.7,69.7,69.7,69.7,69.7,69.7,69.7,69.7
512,"OMN","Oman",NA,NA,NA,NA,NA,NA,NA,NA,NA,NA,NA,NA,NA,NA,NA,NA,NA,NA,NA,NA,NA,NA,NA,NA,NA,NA,NA,NA,NA,NA
586,"PAK","Pakistan",NA,NA,NA,NA,NA,NA,NA,NA,NA,NA,NA,NA,NA,NA,NA,NA,NA,NA,NA,NA,NA,NA,NA,NA,NA,NA,NA,NA,NA,NA
585,"PLW","Palau",84.7,84.7,84.7,84.7,84.7,84.7,84.7,84.7,84.7,84.7,84.7,84.7,84.7,84.7,84.7,84.7,84.7,84.7,84.7,84.7,84.7,84.7,84.7,84.7,84.7,84.7,84.7,84.7,84.7,84.7
591,"PAN","Panama",63.3,63.3,63.3,63.3,63.3,63.3,63.3,63.3,63.3,63.3,63.3,63.3,63.3,63.3,63.3,63.3,63.3,63.3,63.3,63.3,63.3,63.3,63.3,63.3,63.3,63.3,63.3,63.3,63.3,63.3
598,"PNG","Papua New Guinea",88.6,88.6,88.6,88.6,88.6,88.6,88.6,88.6,88.6,88.6,88.6,88.6,88.6,88.6,88.6,88.6,88.6,88.6,88.6,88.6,88.6,88.6,88.6,88.6,88.6,88.6,88.6,88.6,88.6,88.6
600,"PRY","Paraguay",63.9,63.9,63.9,63.9,63.9,63.9,63.9,63.9,63.9,63.9,63.9,63.9,63.9,63.9,63.9,63.9,63.9,63.9,63.9,63.9,63.9,63.9,63.9,63.9,63.9,63.9,63.9,63.9,63.9,63.9
604,"PER","Peru",88.6,88.6,88.6,88.6,88.6,88.6,88.6,88.6,88.6,88.6,88.6,88.6,88.6,88.6,88.6,88.6,88.6,88.6,88.6,88.6,88.6,88.6,88.6,88.6,88.6,88.6,88.6,88.6,88.6,88.6
608,"PHL","Philippines",59.1,59.1,59.1,59.1,59.1,59.1,59.1,59.1,59.1,59.1,59.1,59.1,59.1,59.1,59.1,59.1,59.1,59.1,59.1,59.1,59.1,59.1,59.1,59.1,59.1,59.1,59.1,59.1,59.1,59.1
616,"POL","Poland",22.4,22.4,22.4,22.4,22.4,22.4,22.4,22.4,22.4,22.4,22.4,22.4,22.4,22.4,22.4,22.4,22.4,22.4,22.4,22.4,22.4,22.4,22.4,22.4,22.4,22.4,22.4,22.4,22.4,22.4
620,"PRT","Portugal",8.6,8.6,8.6,8.6,8.6,8.6,8.6,8.6,8.6,8.6,8.6,8.6,8.6,8.6,8.6,8.6,8.6,8.6,8.6,8.6,8.6,8.6,8.6,8.6,8.6,8.6,8.6,8.6,8.6,8.6
634,"QAT","Qatar",NA,NA,NA,NA,NA,NA,NA,NA,NA,NA,NA,NA,NA,NA,NA,NA,NA,NA,NA,NA,NA,NA,NA,NA,NA,NA,NA,NA,NA,NA
178,"COG","Republic of Congo",88.9,88.9,88.9,88.9,88.9,88.9,88.9,88.9,88.9,88.9,88.9,88.9,88.9,88.9,88.9,88.9,88.9,88.9,88.9,88.9,88.9,88.9,88.9,88.9,88.9,88.9,88.9,88.9,88.9,88.9
642,"ROU","Romania",59.6,59.6,59.6,59.6,59.6,59.6,59.6,59.6,59.6,59.6,59.6,59.6,59.6,59.6,59.6,59.6,59.6,59.6,59.6,59.6,59.6,59.6,59.6,59.6,59.6,59.6,59.6,59.6,59.6,59.6
643,"RUS","Russia",90.2,90.2,90.2,90.2,90.2,90.2,90.2,90.2,90.2,90.2,90.2,90.2,90.2,90.2,90.2,90.2,90.2,90.2,90.2,90.2,90.2,90.2,90.2,90.2,90.2,90.2,90.2,90.2,90.2,90.2
646,"RWA","Rwanda",39.8,39.8,39.8,39.8,39.8,39.8,39.8,39.8,39.8,39.8,39.8,39.8,39.8,39.8,39.8,39.8,39.8,39.8,39.8,39.8,39.8,39.8,39.8,39.8,39.8,39.8,39.8,39.8,39.8,39.8
652,"BLM","Saint Barthelemy",14.8,14.8,14.8,14.8,14.8,14.8,14.8,14.8,14.8,14.8,14.8,14.8,14.8,14.8,14.8,14.8,14.8,14.8,14.8,14.8,14.8,14.8,14.8,14.8,14.8,14.8,14.8,14.8,14.8,14.8
659,"KNA","Saint Kitts and Nevis",46.1,46.1,46.1,46.1,46.1,46.1,46.1,46.1,46.1,46.1,46.1,46.1,46.1,46.1,46.1,46.1,46.1,46.1,46.1,46.1,46.1,46.1,46.1,46.1,46.1,46.1,46.1,46.1,46.1,46.1
662,"LCA","Saint Lucia",62,62,62,62,62,62,62,62,62,62,62,62,62,62,62,62,62,62,62,62,62,62,62,62,62,62,62,62,62,62
670,"VCT","Saint Vincent and the Grenadines",69.9,69.9,69.9,69.9,69.9,69.9,69.9,69.9,69.9,69.9,69.9,69.9,69.9,69.9,69.9,69.9,69.9,69.9,69.9,69.9,69.9,69.9,69.9,69.9,69.9,69.9,69.9,69.9,69.9,69.9
882,"WSM","Samoa",NA,NA,NA,NA,NA,NA,NA,NA,NA,NA,NA,NA,NA,NA,NA,NA,NA,NA,NA,NA,NA,NA,NA,NA,NA,NA,NA,NA,NA,NA
674,"SMR","San Marino",0.1,0.1,0.1,0.1,0.1,0.1,0.1,0.1,0.1,0.1,0.1,0.1,0.1,0.1,0.1,0.1,0.1,0.1,0.1,0.1,0.1,0.1,0.1,0.1,0.1,0.1,0.1,0.1,0.1,0.1
678,"STP","Sao Tome and Principe",NA,NA,NA,NA,NA,NA,NA,NA,NA,NA,NA,NA,NA,NA,NA,NA,NA,NA,NA,NA,NA,NA,NA,NA,NA,NA,NA,NA,NA,NA
682,"SAU","Saudi Arabia",NA,NA,NA,NA,NA,NA,NA,NA,NA,NA,NA,NA,NA,NA,NA,NA,NA,NA,NA,NA,NA,NA,NA,NA,NA,NA,NA,NA,NA,NA
686,"SEN","Senegal",71.2,71.2,71.2,71.2,71.2,71.2,71.2,71.2,71.2,71.2,71.2,71.2,71.2,71.2,71.2,71.2,71.2,71.2,71.2,71.2,71.2,71.2,71.2,71.2,71.2,71.2,71.2,71.2,71.2,71.2
688,"SRB","Serbia",52.8,52.8,52.8,52.8,52.8,52.8,52.8,52.8,52.8,52.8,52.8,52.8,52.8,52.8,52.8,52.8,52.8,52.8,52.8,52.8,52.8,52.8,52.8,52.8,52.8,52.8,52.8,52.8,52.8,52.8
690,"SYC","Seychelles",NA,NA,NA,NA,NA,NA,NA,NA,NA,NA,NA,NA,NA,NA,NA,NA,NA,NA,NA,NA,NA,NA,NA,NA,NA,NA,NA,NA,NA,NA
694,"SLE","Sierra Leone",27.4,27.4,27.4,27.4,27.4,27.4,27.4,27.4,27.4,27.4,27.4,27.4,27.4,27.4,27.4,27.4,27.4,27.4,27.4,27.4,27.4,27.4,27.4,27.4,27.4,27.4,27.4,27.4,27.4,27.4
702,"SGP","Singapore",4.1,4.1,4.1,4.1,4.1,4.1,4.1,4.1,4.1,4.1,4.1,4.1,4.1,4.1,4.1,4.1,4.1,4.1,4.1,4.1,4.1,4.1,4.1,4.1,4.1,4.1,4.1,4.1,4.1,4.1
534,"SXM","Sint Maarten",11.5,11.5,11.5,11.5,11.5,11.5,11.5,11.5,11.5,11.5,11.5,11.5,11.5,11.5,11.5,11.5,11.5,11.5,11.5,11.5,11.5,11.5,11.5,11.5,11.5,11.5,11.5,11.5,11.5,11.5
703,"SVK","Slovakia",43.2,43.2,43.2,43.2,43.2,43.2,43.2,43.2,43.2,43.2,43.2,43.2,43.2,43.2,43.2,43.2,43.2,43.2,43.2,43.2,43.2,43.2,43.2,43.2,43.2,43.2,43.2,43.2,43.2,43.2
705,"SVN","Slovenia",37.9,37.9,37.9,37.9,37.9,37.9,37.9,37.9,37.9,37.9,37.9,37.9,37.9,37.9,37.9,37.9,37.9,37.9,37.9,37.9,37.9,37.9,37.9,37.9,37.9,37.9,37.9,37.9,37.9,37.9
90,"SLB","Solomon Islands",72.3,72.3,72.3,72.3,72.3,72.3,72.3,72.3,72.3,72.3,72.3,72.3,72.3,72.3,72.3,72.3,72.3,72.3,72.3,72.3,72.3,72.3,72.3,72.3,72.3,72.3,72.3,72.3,72.3,72.3
706,"SOM","Somalia",NA,NA,NA,NA,NA,NA,NA,NA,NA,NA,NA,NA,NA,NA,NA,NA,NA,NA,NA,NA,NA,NA,NA,NA,NA,NA,NA,NA,NA,NA
710,"ZAF","South Africa",NA,NA,NA,NA,NA,NA,NA,NA,NA,NA,NA,NA,NA,NA,NA,NA,NA,NA,NA,NA,NA,NA,NA,NA,NA,NA,NA,NA,NA,NA
410,"KOR","South Korea",60.3,60.3,60.3,60.3,60.3,60.3,60.3,60.3,60.3,60.3,60.3,60.3,60.3,60.3,60.3,60.3,60.3,60.3,60.3,60.3,60.3,60.3,60.3,60.3,60.3,60.3,60.3,60.3,60.3,60.3
728,"SSD","South Sudan",94.4,94.4,94.4,94.4,94.4,94.4,94.4,94.4,94.4,94.4,94.4,94.4,94.4,94.4,94.4,94.4,94.4,94.4,94.4,94.4,94.4,94.4,94.4,94.4,94.4,94.4,94.4,94.4,94.4,94.4
724,"ESP","Spain",42.3,42.3,42.3,42.3,42.3,42.3,42.3,42.3,42.3,42.3,42.3,42.3,42.3,42.3,42.3,42.3,42.3,42.3,42.3,42.3,42.3,42.3,42.3,42.3,42.3,42.3,42.3,42.3,42.3,42.3
144,"LKA","Sri Lanka",58.4,58.4,58.4,58.4,58.4,58.4,58.4,58.4,58.4,58.4,58.4,58.4,58.4,58.4,58.4,58.4,58.4,58.4,58.4,58.4,58.4,58.4,58.4,58.4,58.4,58.4,58.4,58.4,58.4,58.4
275,"PSE","State of Palestine",NA,NA,NA,NA,NA,NA,NA,NA,NA,NA,NA,NA,NA,NA,NA,NA,NA,NA,NA,NA,NA,NA,NA,NA,NA,NA,NA,NA,NA,NA
729,"SDN","Sudan",NA,NA,NA,NA,NA,NA,NA,NA,NA,NA,NA,NA,NA,NA,NA,NA,NA,NA,NA,NA,NA,NA,NA,NA,NA,NA,NA,NA,NA,NA
740,"SUR","Suriname",93.9,93.9,93.9,93.9,93.9,93.9,93.9,93.9,93.9,93.9,93.9,93.9,93.9,93.9,93.9,93.9,93.9,93.9,93.9,93.9,93.9,93.9,93.9,93.9,93.9,93.9,93.9,93.9,93.9,93.9
752,"SWE","Sweden",53.5,53.5,53.5,53.5,53.5,53.5,53.5,53.5,53.5,53.5,53.5,53.5,53.5,53.5,53.5,53.5,53.5,53.5,53.5,53.5,53.5,53.5,53.5,53.5,53.5,53.5,53.5,53.5,53.5,53.5
756,"CHE","Switzerland",35.2,35.2,35.2,35.2,35.2,35.2,35.2,35.2,35.2,35.2,35.2,35.2,35.2,35.2,35.2,35.2,35.2,35.2,35.2,35.2,35.2,35.2,35.2,35.2,35.2,35.2,35.2,35.2,35.2,35.2
760,"SYR","Syria",NA,NA,NA,NA,NA,NA,NA,NA,NA,NA,NA,NA,NA,NA,NA,NA,NA,NA,NA,NA,NA,NA,NA,NA,NA,NA,NA,NA,NA,NA
158,"TWN","Taiwan",64.1,64.1,64.1,64.1,64.1,64.1,64.1,64.1,64.1,64.1,64.1,64.1,64.1,64.1,64.1,64.1,64.1,64.1,64.1,64.1,64.1,64.1,64.1,64.1,64.1,64.1,64.1,64.1,64.1,64.1
762,"TJK","Tajikistan",NA,NA,NA,NA,NA,NA,NA,NA,NA,NA,NA,NA,NA,NA,NA,NA,NA,NA,NA,NA,NA,NA,NA,NA,NA,NA,NA,NA,NA,NA
834,"TZA","Tanzania",71.3,71.3,71.3,71.3,71.3,71.3,71.3,71.3,71.3,71.3,71.3,71.3,71.3,71.3,71.3,71.3,71.3,71.3,71.3,71.3,71.3,71.3,71.3,71.3,71.3,71.3,71.3,71.3,71.3,71.3
764,"THA","Thailand",60.1,60.1,60.1,60.1,60.1,60.1,60.1,60.1,60.1,60.1,60.1,60.1,60.1,60.1,60.1,60.1,60.1,60.1,60.1,60.1,60.1,60.1,60.1,60.1,60.1,60.1,60.1,60.1,60.1,60.1
626,"TLS","Timor-Leste",71,71,71,71,71,71,71,71,71,71,71,71,71,71,71,71,71,71,71,71,71,71,71,71,71,71,71,71,71,71
768,"TGO","Togo",59.6,59.6,59.6,59.6,59.6,59.6,59.6,59.6,59.6,59.6,59.6,59.6,59.6,59.6,59.6,59.6,59.6,59.6,59.6,59.6,59.6,59.6,59.6,59.6,59.6,59.6,59.6,59.6,59.6,59.6
776,"TON","Tonga",NA,NA,NA,NA,NA,NA,NA,NA,NA,NA,NA,NA,NA,NA,NA,NA,NA,NA,NA,NA,NA,NA,NA,NA,NA,NA,NA,NA,NA,NA
780,"TTO","Trinidad and Tobago",66.3,66.3,66.3,66.3,66.3,66.3,66.3,66.3,66.3,66.3,66.3,66.3,66.3,66.3,66.3,66.3,66.3,66.3,66.3,66.3,66.3,66.3,66.3,66.3,66.3,66.3,66.3,66.3,66.3,66.3
788,"TUN","Tunisia",NA,NA,NA,NA,NA,NA,NA,NA,NA,NA,NA,NA,NA,NA,NA,NA,NA,NA,NA,NA,NA,NA,NA,NA,NA,NA,NA,NA,NA,NA
792,"TUR","Turkiye",63.8,63.8,63.8,63.8,63.8,63.8,63.8,63.8,63.8,63.8,63.8,63.8,63.8,63.8,63.8,63.8,63.8,63.8,63.8,63.8,63.8,63.8,63.8,63.8,63.8,63.8,63.8,63.8,63.8,63.8
795,"TKM","Turkmenistan",NA,NA,NA,NA,NA,NA,NA,NA,NA,NA,NA,NA,NA,NA,NA,NA,NA,NA,NA,NA,NA,NA,NA,NA,NA,NA,NA,NA,NA,NA
796,"TCA","Turks and Caicos Islands",NA,NA,NA,NA,NA,NA,NA,NA,NA,NA,NA,NA,NA,NA,NA,NA,NA,NA,NA,NA,NA,NA,NA,NA,NA,NA,NA,NA,NA,NA
798,"TUV","Tuvalu",NA,NA,NA,NA,NA,NA,NA,NA,NA,NA,NA,NA,NA,NA,NA,NA,NA,NA,NA,NA,NA,NA,NA,NA,NA,NA,NA,NA,NA,NA
800,"UGA","Uganda",43.5,43.5,43.5,43.5,43.5,43.5,43.5,43.5,43.5,43.5,43.5,43.5,43.5,43.5,43.5,43.5,43.5,43.5,43.5,43.5,43.5,43.5,43.5,43.5,43.5,43.5,43.5,43.5,43.5,43.5
804,"UKR","Ukraine",32.2,32.2,32.2,32.2,32.2,32.2,32.2,32.2,32.2,32.2,32.2,32.2,32.2,32.2,32.2,32.2,32.2,32.2,32.2,32.2,32.2,32.2,32.2,32.2,32.2,32.2,32.2,32.2,32.2,32.2
784,"ARE","United Arab Emirates",NA,NA,NA,NA,NA,NA,NA,NA,NA,NA,NA,NA,NA,NA,NA,NA,NA,NA,NA,NA,NA,NA,NA,NA,NA,NA,NA,NA,NA,NA
826,"GBR","United Kingdom",16.1,16.1,16.1,16.1,16.1,16.1,16.1,16.1,16.1,16.1,16.1,16.1,16.1,16.1,16.1,16.1,16.1,16.1,16.1,16.1,16.1,16.1,16.1,16.1,16.1,16.1,16.1,16.1,16.1,16.1
840,"USA","United States of America",66.5,66.5,66.5,66.5,66.5,66.5,66.5,66.5,66.5,66.5,66.5,66.5,66.5,66.5,66.5,66.5,66.5,66.5,66.5,66.5,66.5,66.5,66.5,66.5,66.5,66.5,66.5,66.5,66.5,66.5
858,"URY","Uruguay",NA,NA,NA,NA,NA,NA,NA,NA,NA,NA,NA,NA,NA,NA,NA,NA,NA,NA,NA,NA,NA,NA,NA,NA,NA,NA,NA,NA,NA,NA
860,"UZB","Uzbekistan",NA,NA,NA,NA,NA,NA,NA,NA,NA,NA,NA,NA,NA,NA,NA,NA,NA,NA,NA,NA,NA,NA,NA,NA,NA,NA,NA,NA,NA,NA
548,"VUT","Vanuatu",88.7,88.7,88.7,88.7,88.7,88.7,88.7,88.7,88.7,88.7,88.7,88.7,88.7,88.7,88.7,88.7,88.7,88.7,88.7,88.7,88.7,88.7,88.7,88.7,88.7,88.7,88.7,88.7,88.7,88.7
862,"VEN","Venezuela",87.8,87.8,87.8,87.8,87.8,87.8,87.8,87.8,87.8,87.8,87.8,87.8,87.8,87.8,87.8,87.8,87.8,87.8,87.8,87.8,87.8,87.8,87.8,87.8,87.8,87.8,87.8,87.8,87.8,87.8
704,"VNM","Viet Nam",53.9,53.9,53.9,53.9,53.9,53.9,53.9,53.9,53.9,53.9,53.9,53.9,53.9,53.9,53.9,53.9,53.9,53.9,53.9,53.9,53.9,53.9,53.9,53.9,53.9,53.9,53.9,53.9,53.9,53.9
876,"WLF","Wallis and Futuna Islands",NA,NA,NA,NA,NA,NA,NA,NA,NA,NA,NA,NA,NA,NA,NA,NA,NA,NA,NA,NA,NA,NA,NA,NA,NA,NA,NA,NA,NA,NA
732,"ESH","Western Sahara",NA,NA,NA,NA,NA,NA,NA,NA,NA,NA,NA,NA,NA,NA,NA,NA,NA,NA,NA,NA,NA,NA,NA,NA,NA,NA,NA,NA,NA,NA
887,"YEM","Yemen",NA,NA,NA,NA,NA,NA,NA,NA,NA,NA,NA,NA,NA,NA,NA,NA,NA,NA,NA,NA,NA,NA,NA,NA,NA,NA,NA,NA,NA,NA
894,"ZMB","Zambia",75.1,75.1,75.1,75.1,75.1,75.1,75.1,75.1,75.1,75.1,75.1,75.1,75.1,75.1,75.1,75.1,75.1,75.1,75.1,75.1,75.1,75.1,75.1,75.1,75.1,75.1,75.1,75.1,75.1,75.1
716,"ZWE","Zimbabwe",63.5,63.5,63.5,63.5,63.5,63.5,63.5,63.5,63.5,63.5,63.5,63.5,63.5,63.5,63.5,63.5,63.5,63.5,63.5,63.5,63.5,63.5,63.5,63.5,63.5,63.5,63.5,63.5,63.5,63.5
