"code","iso","country","MKP.ind.1995","MKP.ind.1996","MKP.ind.1997","MKP.ind.1998","MKP.ind.1999","MKP.ind.2000","MKP.ind.2001","MKP.ind.2002","MKP.ind.2003","MKP.ind.2004","MKP.ind.2005","MKP.ind.2006","MKP.ind.2007","MKP.ind.2008","MKP.ind.2009","MKP.ind.2010","MKP.ind.2011","MKP.ind.2012","MKP.ind.2013","MKP.ind.2014","MKP.ind.2015","MKP.ind.2016","MKP.ind.2017","MKP.ind.2018","MKP.ind.2019","MKP.ind.2020","MKP.ind.2021","MKP.ind.2022","MKP.ind.2023","MKP.ind.2024"
4,"AFG","Afghanistan",NA,NA,NA,NA,NA,NA,NA,NA,NA,NA,NA,NA,NA,NA,NA,NA,NA,NA,NA,NA,NA,NA,NA,NA,NA,NA,NA,NA,NA,NA
8,"ALB","Albania",21.2,21.2,21.2,21.2,21.2,21.2,21.2,21.2,21.2,21.2,21.2,21.2,21.2,21.2,21.2,21.2,21.2,21.2,21.2,21.2,21.2,25.5,25.5,25.5,25.5,25.5,25.5,25.5,25.5,25.5
12,"DZA","Algeria",0,0,0,0,0,0,0,0,0,0,0,0,0,0,0,0,0,0,0,0,0,0,0,0,0,0,0,0,0,0
20,"AND","Andorra",NA,NA,NA,NA,NA,NA,NA,NA,NA,NA,NA,NA,NA,NA,NA,NA,NA,NA,NA,NA,NA,NA,NA,NA,NA,NA,NA,NA,NA,NA
24,"AGO","Angola",0,0,0,0,0,0,0,0,0,0,0,0,0,0,0,0,0,0,0,0,0,0,0,0,0,0,0,0,0,0
660,"AIA","Anguilla",NA,NA,NA,NA,NA,NA,NA,NA,NA,NA,NA,NA,NA,NA,NA,NA,NA,NA,NA,NA,NA,NA,NA,NA,NA,NA,NA,NA,NA,NA
28,"ATG","Antigua and Barbuda",73,73,73,73,73,73,73,73,73,73,73,73,73,73,73,73,73,73,73,74.7,74.7,74.7,74.7,74.7,74.7,74.7,74.7,74.7,74.7,74.7
32,"ARG","Argentina",13.4,13.4,13.4,13.4,13.4,13.4,13.4,13.4,13.4,13.4,13.4,13.4,13.4,13.4,13.4,13.4,13.4,13.4,13.4,13.4,13.4,17.1,17.1,17.1,17.1,17.1,17.1,17.1,17.1,17.1
51,"ARM","Armenia",NA,NA,NA,NA,NA,NA,NA,NA,NA,NA,NA,NA,NA,NA,NA,NA,NA,NA,NA,NA,NA,NA,NA,NA,NA,NA,NA,NA,NA,NA
533,"ABW","Aruba",NA,NA,NA,NA,NA,NA,NA,NA,NA,NA,NA,NA,NA,NA,NA,NA,NA,NA,NA,NA,NA,NA,NA,NA,NA,NA,NA,NA,NA,NA
36,"AUS","Australia",36.3,36.3,36.3,36.3,36.3,36.3,36.3,36.3,36.3,36.3,36.3,36.3,36.3,36.3,36.3,36.3,36.5,36.5,36.5,36.5,36.5,36.5,36.5,57.1,57.2,57.2,57.2,57.2,57.2,57.2
40,"AUT","Austria",NA,NA,NA,NA,NA,NA,NA,NA,NA,NA,NA,NA,NA,NA,NA,NA,NA,NA,NA,NA,NA,NA,NA,NA,NA,NA,NA,NA,NA,NA
31,"AZE","Azerbaijan",0.8,0.8,0.8,0.8,0.8,0.8,0.8,0.8,0.8,0.8,0.8,0.8,0.8,0.8,0.8,0.8,0.8,0.8,0.8,0.8,0.8,0.8,0.8,0.8,0.8,0.8,0.8,0.8,0.8,0.8
44,"BHS","Bahamas",13.5,13.5,13.5,13.5,13.5,13.5,13.5,13.5,13.5,13.5,13.5,13.5,13.5,13.5,13.5,13.5,13.5,14.5,14.5,14.5,25.1,25.1,25.1,25.1,25.1,25.1,25.1,25.1,25.1,25.1
48,"BHR","Bahrain",67.3,67.3,67.3,67.3,67.3,67.3,67.3,67.3,67.3,67.3,67.3,67.3,67.3,67.3,67.3,67.3,67.3,67.3,67.3,67.3,67.3,67.3,67.3,67.3,67.3,67.3,67.3,67.3,67.3,67.3
50,"BGD","Bangladesh",20.8,20.8,20.8,20.8,20.8,20.8,20.8,20.8,20.8,20.8,20.8,20.8,20.8,20.8,20.8,20.8,21,21,21,21,21,21,21.6,21.6,32.6,32.6,32.6,32.6,32.6,32.6
52,"BRB","Barbados",0,0,0,0,0,0,0,0,0,0,0,0,0,0,0,0,0,0,0,0,0,0,0,0,0,0,0,0,0,0
112,"BLR","Belarus",NA,NA,NA,NA,NA,NA,NA,NA,NA,NA,NA,NA,NA,NA,NA,NA,NA,NA,NA,NA,NA,NA,NA,NA,NA,NA,NA,NA,NA,NA
56,"BEL","Belgium",45.5,45.5,45.5,45.5,45.5,45.5,45.5,45.5,45.5,45.5,45.5,45.5,45.5,45.5,45.5,45.5,45.5,45.5,45.5,45.5,45.5,45.5,45.5,45.5,45.5,45.5,45.5,45.5,45.5,45.5
84,"BLZ","Belize",17.4,17.4,17.4,17.4,17.4,17.4,17.4,17.4,17.4,17.4,17.4,17.4,17.4,17.4,17.4,17.4,17.4,25.9,25.9,25.9,25.9,25.9,25.9,25.9,25.9,25.9,25.9,25.9,25.9,25.9
204,"BEN","Benin",NA,NA,NA,NA,NA,NA,NA,NA,NA,NA,NA,NA,NA,NA,NA,NA,NA,NA,NA,NA,NA,NA,NA,NA,NA,NA,NA,NA,NA,NA
60,"BMU","Bermuda",NA,NA,NA,NA,NA,NA,NA,NA,NA,NA,NA,NA,NA,NA,NA,NA,NA,NA,NA,NA,NA,NA,NA,NA,NA,NA,NA,NA,NA,NA
64,"BTN","Bhutan",NA,NA,NA,NA,NA,NA,NA,NA,NA,NA,NA,NA,NA,NA,NA,NA,NA,NA,NA,NA,NA,NA,NA,NA,NA,NA,NA,NA,NA,NA
68,"BOL","Bolivia",NA,NA,NA,NA,NA,NA,NA,NA,NA,NA,NA,NA,NA,NA,NA,NA,NA,NA,NA,NA,NA,NA,NA,NA,NA,NA,NA,NA,NA,NA
70,"BIH","Bosnia and Herzegovina",NA,NA,NA,NA,NA,NA,NA,NA,NA,NA,NA,NA,NA,NA,NA,NA,NA,NA,NA,NA,NA,NA,NA,NA,NA,NA,NA,NA,NA,NA
72,"BWA","Botswana",NA,NA,NA,NA,NA,NA,NA,NA,NA,NA,NA,NA,NA,NA,NA,NA,NA,NA,NA,NA,NA,NA,NA,NA,NA,NA,NA,NA,NA,NA
76,"BRA","Brazil",45.9,45.9,45.9,45.9,45.9,45.9,45.9,45.9,45.9,45.9,45.9,45.9,45.9,45.9,45.9,45.9,45.9,45.9,45.9,47.4,47.4,47.4,47.4,66.4,66.4,66.4,66.4,66.4,66.4,66.4
92,"VGB","British Virgin Islands",NA,NA,NA,NA,NA,NA,NA,NA,NA,NA,NA,NA,NA,NA,NA,NA,NA,NA,NA,NA,NA,NA,NA,NA,NA,NA,NA,NA,NA,NA
96,"BRN","Brunei Darussalam",0,0,0,0,0,0,0,0,0,0,0,0,0,0,0,0,0,0,0,0,0,0,0,0,0,0,0,0,0,0
100,"BGR","Bulgaria",86.7,86.7,86.7,86.7,86.7,86.7,86.7,86.7,86.7,86.7,86.7,86.7,86.7,86.7,86.7,86.7,86.7,86.7,86.7,86.7,86.7,86.7,86.7,86.7,86.7,86.7,86.7,86.7,86.7,86.7
854,"BFA","Burkina Faso",NA,NA,NA,NA,NA,NA,NA,NA,NA,NA,NA,NA,NA,NA,NA,NA,NA,NA,NA,NA,NA,NA,NA,NA,NA,NA,NA,NA,NA,NA
108,"BDI","Burundi",NA,NA,NA,NA,NA,NA,NA,NA,NA,NA,NA,NA,NA,NA,NA,NA,NA,NA,NA,NA,NA,NA,NA,NA,NA,NA,NA,NA,NA,NA
132,"CPV","Cabo Verde",0.1,0.1,0.1,0.1,0.1,0.1,0.1,0.1,0.1,0.1,0.1,0.1,0.1,0.1,0.1,0.1,0.1,0.1,0.1,0.1,0.1,0.1,0.1,0.1,0.1,0.1,0.1,0.1,0.1,0.1
116,"KHM","Cambodia",27.8,27.8,27.8,27.8,27.8,27.8,27.8,27.8,27.8,27.8,27.8,27.8,27.8,27.8,27.8,27.8,27.8,27.8,27.8,27.8,27.8,27.8,27.8,63.1,63.1,63.1,63.1,63.1,63.1,63.1
120,"CMR","Cameroon",NA,NA,NA,NA,NA,NA,NA,NA,NA,NA,NA,NA,NA,NA,NA,NA,NA,NA,NA,NA,NA,NA,NA,NA,NA,NA,NA,NA,NA,NA
124,"CAN","Canada",11.1,11.1,11.1,11.1,11.1,11.1,11.1,11.1,11.1,11.1,11.1,11.1,11.1,11.1,11.1,11.1,11.2,11.2,11.2,11.2,11.2,11.6,11.8,12.8,21.6,21.7,21.7,21.7,21.7,21.7
136,"CYM","Cayman Islands",NA,NA,NA,NA,NA,NA,NA,NA,NA,NA,NA,NA,NA,NA,NA,NA,NA,NA,NA,NA,NA,NA,NA,NA,NA,NA,NA,NA,NA,NA
140,"CAF","Central African Republic",NA,NA,NA,NA,NA,NA,NA,NA,NA,NA,NA,NA,NA,NA,NA,NA,NA,NA,NA,NA,NA,NA,NA,NA,NA,NA,NA,NA,NA,NA
148,"TCD","Chad",NA,NA,NA,NA,NA,NA,NA,NA,NA,NA,NA,NA,NA,NA,NA,NA,NA,NA,NA,NA,NA,NA,NA,NA,NA,NA,NA,NA,NA,NA
152,"CHL","Chile",13.4,13.4,13.4,13.4,13.4,13.4,13.4,13.4,13.4,13.4,13.4,13.4,13.4,13.4,13.4,13.4,13.4,13.4,13.4,13.4,13.4,13.4,13.5,28.1,28.4,28.4,28.4,28.4,28.4,28.4
156,"CHN","China",14,14,14,14,14,14,14,14,14,14,14,14,14,14,14,14,14,14,24,24,24,24,24,24,24,24,24,24,24,24
170,"COL","Colombia",97.1,97.1,97.1,97.1,97.1,97.1,97.1,97.1,97.1,97.1,97.1,97.1,97.1,97.1,97.1,97.1,97.1,97.1,97.1,97.1,97.1,97.1,97.1,97.2,97.2,97.2,97.2,97.2,97.2,97.2
174,"COM","Comoros",70.1,70.1,70.1,70.1,70.1,70.1,70.1,70.1,70.1,70.1,70.1,70.1,70.1,70.1,70.1,70.1,70.1,70.1,70.1,70.1,70.1,70.1,70.1,70.1,70.1,70.1,70.1,70.1,70.1,70.1
184,"COK","Cook Islands",NA,NA,NA,NA,NA,NA,NA,NA,NA,NA,NA,NA,NA,NA,NA,NA,NA,NA,NA,NA,NA,NA,NA,NA,NA,NA,NA,NA,NA,NA
188,"CRI","Costa Rica",86,86,86,86,86,86,86,86,86,86,86,86,86,86,86,86,86,86,86,86,86,86,86,86,86,86.1,86.1,86.1,86.1,86.1
384,"CIV","Cote d'Ivoire",NA,NA,NA,NA,NA,NA,NA,NA,NA,NA,NA,NA,NA,NA,NA,NA,NA,NA,NA,NA,NA,NA,NA,NA,NA,NA,NA,NA,NA,NA
191,"HRV","Croatia",16,16,16,16,16,16,16,16,16,16,16,16,16,16,16,16,16,16,65.3,66.7,66.7,66.7,66.7,66.7,66.7,66.7,66.7,66.7,66.7,66.7
192,"CUB","Cuba",71.9,71.9,71.9,71.9,71.9,71.9,71.9,71.9,71.9,71.9,71.9,71.9,71.9,71.9,71.9,71.9,71.9,80.8,80.8,80.8,80.8,80.8,80.8,80.8,80.8,80.8,80.8,80.8,80.8,80.8
531,"CUW","Curacao",NA,NA,NA,NA,NA,NA,NA,NA,NA,NA,NA,NA,NA,NA,NA,NA,NA,NA,NA,NA,NA,NA,NA,NA,NA,NA,NA,NA,NA,NA
196,"CYP","Cyprus",7.8,7.8,7.8,7.8,7.8,7.8,7.8,7.8,7.8,7.8,7.8,7.8,7.8,7.8,7.8,7.8,7.8,7.8,7.8,7.8,7.8,7.8,7.8,7.8,7.8,7.8,7.8,7.8,7.8,7.8
203,"CZE","Czech Republic",NA,NA,NA,NA,NA,NA,NA,NA,NA,NA,NA,NA,NA,NA,NA,NA,NA,NA,NA,NA,NA,NA,NA,NA,NA,NA,NA,NA,NA,NA
180,"COD","Dem. Rep. Congo",NA,NA,NA,NA,NA,NA,NA,NA,NA,NA,NA,NA,NA,NA,NA,NA,NA,NA,NA,NA,NA,NA,NA,NA,NA,NA,NA,NA,NA,NA
208,"DNK","Denmark",28.9,28.9,28.9,28.9,28.9,28.9,28.9,28.9,28.9,28.9,28.9,28.9,28.9,28.9,28.9,28.9,28.9,28.9,28.9,28.9,28.9,29,29,29,29,29,29,29,29,29
262,"DJI","Djibouti",0,0,0,0,0,0,0,0,0,0,0,0,0,0,0,0,0,0,0,0,0,0,0,0,0,0,0,0,0,0
212,"DMA","Dominica",0,0,0,0,0,0,0,0,0,0,0,0,0,0,0,0,0,0,0,0,0,0,0,0,0,0,0,0,0,0
214,"DOM","Dominican Republic",82.6,82.6,82.6,82.6,82.6,82.6,82.6,82.6,82.6,82.6,82.6,82.6,82.6,82.6,82.6,82.6,82.6,82.6,82.6,82.6,82.6,82.6,82.6,82.6,82.6,82.6,82.6,82.6,82.6,82.6
218,"ECU","Ecuador",83.3,83.3,83.3,83.3,83.3,83.3,83.3,83.3,83.3,83.3,83.3,83.3,83.3,83.3,83.3,83.3,83.3,84.2,84.2,84.2,84.2,84.2,84.2,84.2,84.2,84.2,84.2,84.2,84.2,84.2
818,"EGY","Egypt",30.2,30.2,30.2,30.2,30.2,30.2,30.2,30.2,30.2,30.2,30.2,30.2,30.2,30.2,30.2,30.2,30.2,30.2,30.2,30.2,30.2,30.2,30.2,30.2,30.2,30.2,30.2,30.2,30.2,30.2
222,"SLV","El Salvador",10.6,10.6,10.6,10.6,10.6,10.6,10.6,10.6,10.6,10.6,10.6,10.6,10.6,10.6,10.6,10.6,13.4,13.4,13.4,13.4,13.4,13.4,13.4,13.4,13.4,13.4,13.4,13.4,13.4,13.4
226,"GNQ","Equatorial Guinea",3.5,3.5,3.5,3.5,3.5,3.5,3.5,3.5,3.5,3.5,3.5,3.5,3.5,3.5,3.5,3.5,3.5,3.5,3.5,3.5,3.5,3.5,3.5,3.5,3.5,3.5,3.5,3.5,3.5,3.5
232,"ERI","Eritrea",0,0,0,0,0,0,0,0,0,0,0,0,0,0,0,0,0,0,0,0,0,0,0,0,0,0,0,0,0,0
233,"EST","Estonia",94.9,94.9,94.9,94.9,94.9,94.9,94.9,94.9,94.9,94.9,94.9,94.9,94.9,94.9,94.9,94.9,94.9,94.9,94.9,94.9,94.9,94.9,94.9,94.9,94.9,94.9,94.9,94.9,94.9,94.9
748,"SWZ","Eswatini",NA,NA,NA,NA,NA,NA,NA,NA,NA,NA,NA,NA,NA,NA,NA,NA,NA,NA,NA,NA,NA,NA,NA,NA,NA,NA,NA,NA,NA,NA
231,"ETH","Ethiopia",NA,NA,NA,NA,NA,NA,NA,NA,NA,NA,NA,NA,NA,NA,NA,NA,NA,NA,NA,NA,NA,NA,NA,NA,NA,NA,NA,NA,NA,NA
234,"FRO","Faeroe Islands",NA,NA,NA,NA,NA,NA,NA,NA,NA,NA,NA,NA,NA,NA,NA,NA,NA,NA,NA,NA,NA,NA,NA,NA,NA,NA,NA,NA,NA,NA
238,"FLK","Falkland Islands",NA,NA,NA,NA,NA,NA,NA,NA,NA,NA,NA,NA,NA,NA,NA,NA,NA,NA,NA,NA,NA,NA,NA,NA,NA,NA,NA,NA,NA,NA
242,"FJI","Fiji",4.3,4.3,4.3,4.3,4.3,4.3,4.3,4.3,4.3,4.3,4.3,4.3,4.3,4.3,4.3,4.3,4.3,4.3,4.3,4.3,4.3,4.3,4.3,4.3,4.3,4.3,4.3,4.3,4.3,4.3
246,"FIN","Finland",62.4,62.4,62.4,62.4,62.4,62.4,62.4,62.4,62.4,62.4,62.4,62.4,62.4,62.4,62.4,62.4,63.5,63.5,63.5,63.5,64.7,64.8,64.9,64.9,64.9,64.9,64.9,64.9,64.9,64.9
250,"FRA","France",19.3,19.3,19.3,19.3,19.3,19.3,19.3,19.3,19.3,19.3,19.3,19.3,19.3,19.3,19.3,19.3,19.5,21,21.7,47.4,47.4,47.9,47.9,48,48,48,48,48,48,48
258,"PYF","French Polynesia",NA,NA,NA,NA,NA,NA,NA,NA,NA,NA,NA,NA,NA,NA,NA,NA,NA,NA,NA,NA,NA,NA,NA,NA,NA,NA,NA,NA,NA,NA
266,"GAB","Gabon",0,0,0,0,0,0,0,0,0,0,0,0,0,0,0,0,0,0,0,0,0,0,2.2,2.2,2.2,2.2,2.2,2.2,2.2,2.2
270,"GMB","Gambia",0.7,0.7,0.7,0.7,0.7,0.7,0.7,0.7,0.7,0.7,0.7,0.7,0.7,0.7,0.7,0.7,0.7,0.7,0.7,0.7,0.7,0.7,0.7,0.7,0.7,0.7,0.7,0.7,0.7,0.7
268,"GEO","Georgia",46.4,46.4,46.4,46.4,46.4,46.4,46.4,46.4,46.4,46.4,46.4,46.4,46.4,46.4,46.4,46.4,46.4,46.4,46.4,46.4,46.4,46.4,46.4,46.4,46.4,46.4,46.4,46.4,46.4,46.4
276,"DEU","Germany",85,85,85,85,85,85,85,85,85,85,85,85,85,85,85,85,85,85,85,85,85,85.3,85.3,85.3,85.3,85.3,85.3,85.3,85.3,85.3
288,"GHA","Ghana",0,0,0,0,0,0,0,0,0,0,0,0,0,0,0,0,0,0,0,0,0,0,0,0,0,0,0,0,0,0
300,"GRC","Greece",64.2,64.2,64.2,64.2,64.2,64.2,64.2,64.2,64.2,64.2,64.2,64.2,64.2,64.2,64.2,64.2,72.2,72.2,72.2,72.2,72.2,72.2,72.2,72.2,72.2,72.2,72.2,72.2,72.2,72.2
304,"GRL","Greenland",NA,NA,NA,NA,NA,NA,NA,NA,NA,NA,NA,NA,NA,NA,NA,NA,NA,NA,NA,NA,NA,NA,NA,NA,NA,NA,NA,NA,NA,NA
308,"GRD","Grenada",0,0,0,0,0,0,0,0,0,0,0,0,0,0,0,0,0,0,0,0,0,0,0,0,0,0,0,0,0,0
320,"GTM","Guatemala",53.8,53.8,53.8,53.8,53.8,53.8,53.8,53.8,53.8,53.8,53.8,53.8,53.8,53.8,53.8,53.8,53.8,53.8,53.8,53.8,53.8,53.8,53.8,53.8,53.8,53.8,53.8,53.8,53.8,53.8
831,"GGY","Guernsey",NA,NA,NA,NA,NA,NA,NA,NA,NA,NA,NA,NA,NA,NA,NA,NA,NA,NA,NA,NA,NA,NA,NA,NA,NA,NA,NA,NA,NA,NA
324,"GIN","Guinea",81.4,81.4,81.4,81.4,81.4,81.4,81.4,81.4,81.4,81.4,81.4,81.4,81.4,81.4,81.4,81.4,81.4,81.4,81.4,81.4,81.4,81.4,81.4,81.4,81.4,81.4,81.4,81.4,81.4,81.4
624,"GNB","Guinea-Bissau",12.5,12.5,12.5,12.5,12.5,12.5,12.5,12.5,12.5,12.5,12.5,12.5,12.5,12.5,12.5,12.5,12.5,12.5,12.5,47.7,47.7,47.7,47.7,47.7,47.7,47.7,47.7,47.7,47.7,47.7
328,"GUY","Guyana",NA,NA,NA,NA,NA,NA,NA,NA,NA,NA,NA,NA,NA,NA,NA,NA,NA,NA,NA,NA,NA,NA,NA,NA,NA,NA,NA,NA,NA,NA
332,"HTI","Haiti",36.5,36.5,36.5,36.5,36.5,36.5,36.5,36.5,36.5,36.5,36.5,36.5,36.5,36.5,36.5,36.5,36.5,36.5,42.1,42.1,42.1,42.1,52.6,52.6,52.6,52.6,52.6,52.6,52.6,52.6
336,"VAT","Holy See",NA,NA,NA,NA,NA,NA,NA,NA,NA,NA,NA,NA,NA,NA,NA,NA,NA,NA,NA,NA,NA,NA,NA,NA,NA,NA,NA,NA,NA,NA
340,"HND","Honduras",75.5,75.5,75.5,75.5,75.5,75.5,75.5,75.5,75.5,75.5,75.5,75.5,75.5,75.5,75.5,75.5,75.5,75.5,76.9,76.9,76.9,76.9,76.9,76.9,76.9,76.9,76.9,76.9,76.9,76.9
344,"HKG","Hong Kong",NA,NA,NA,NA,NA,NA,NA,NA,NA,NA,NA,NA,NA,NA,NA,NA,NA,NA,NA,NA,NA,NA,NA,NA,NA,NA,NA,NA,NA,NA
348,"HUN","Hungary",NA,NA,NA,NA,NA,NA,NA,NA,NA,NA,NA,NA,NA,NA,NA,NA,NA,NA,NA,NA,NA,NA,NA,NA,NA,NA,NA,NA,NA,NA
352,"ISL","Iceland",46,46,46,46,46,46,46,46,46,46,46,46,46,46,46,46,46,46,46,46,46,46,46,46,46,46,46.1,46.1,46.1,46.1
356,"IND","India",1.6,1.6,1.6,1.6,1.6,1.6,1.6,1.6,1.6,1.6,1.6,1.6,1.6,1.6,1.6,1.6,1.6,1.6,1.6,1.6,1.6,1.6,1.9,1.9,1.9,1.9,1.9,1.9,1.9,1.9
360,"IDN","Indonesia",23.9,23.9,23.9,23.9,23.9,23.9,23.9,23.9,23.9,23.9,23.9,23.9,23.9,23.9,23.9,23.9,23.9,24.2,24.3,24.4,24.9,24.9,24.9,28.6,28.6,28.6,28.6,28.6,28.6,28.6
364,"IRN","Iran",66.4,66.4,66.4,66.4,66.4,66.4,66.4,66.4,66.4,66.4,66.4,66.4,66.4,66.4,66.4,66.4,66.4,66.4,66.4,66.4,66.4,66.4,66.4,66.4,66.4,66.4,66.4,66.4,66.4,66.4
368,"IRQ","Iraq",0,0,0,0,0,0,0,0,0,0,0,0,0,0,0,0,0,0,0,0,0,0,0,0,0,0,0,0,0,0
372,"IRL","Ireland",29.9,29.9,29.9,29.9,29.9,29.9,29.9,29.9,29.9,29.9,29.9,29.9,29.9,29.9,29.9,29.9,30.9,30.9,30.9,30.9,30.9,30.9,31,31.5,33.1,33.1,33.1,33.1,33.1,33.1
833,"IMN","Isle of Man",NA,NA,NA,NA,NA,NA,NA,NA,NA,NA,NA,NA,NA,NA,NA,NA,NA,NA,NA,NA,NA,NA,NA,NA,NA,NA,NA,NA,NA,NA
376,"ISR","Israel",0,0,0,0,0,0,0,0,0,0,0,0,0,0,0,0,0,0,0,0,0,0,0,0,0,0,0,0,0,0
380,"ITA","Italy",66.3,66.3,66.3,66.3,66.3,66.3,66.3,66.3,66.3,66.3,66.3,66.3,66.3,66.3,66.3,66.3,66.3,66.3,66.3,66.3,66.3,66.4,66.7,66.8,66.8,66.8,66.8,66.8,66.8,66.8
388,"JAM","Jamaica",76,76,76,76,76,76,76,76,76,76,76,76,76,76,76,76,76,76,76,76,76,76,76,76,76,76,76,76,76,76
392,"JPN","Japan",37.7,37.7,37.7,37.7,37.7,37.7,37.7,37.7,37.7,37.7,37.7,37.7,37.7,37.7,37.7,37.7,37.7,37.7,42.4,42.5,42.6,42.6,42.8,42.8,42.8,42.8,42.9,42.9,42.9,42.9
832,"JEY","Jersey",NA,NA,NA,NA,NA,NA,NA,NA,NA,NA,NA,NA,NA,NA,NA,NA,NA,NA,NA,NA,NA,NA,NA,NA,NA,NA,NA,NA,NA,NA
400,"JOR","Jordan",NA,NA,NA,NA,NA,NA,NA,NA,NA,NA,NA,NA,NA,NA,NA,NA,NA,NA,NA,NA,NA,NA,NA,NA,NA,NA,NA,NA,NA,NA
398,"KAZ","Kazakhstan",87.6,87.6,87.6,87.6,87.6,87.6,87.6,87.6,87.6,87.6,87.6,87.6,87.6,87.6,87.6,87.6,87.6,87.6,87.6,87.6,87.6,87.6,87.6,87.6,87.6,87.6,87.6,87.6,87.6,87.6
404,"KEN","Kenya",58.6,58.6,58.6,58.6,58.6,58.6,58.6,58.6,58.6,58.6,58.6,58.6,58.6,58.6,58.6,58.6,58.6,58.6,58.6,58.6,58.6,58.6,58.6,58.6,58.6,58.6,58.6,58.6,58.6,58.6
296,"KIR","Kiribati",23.6,23.6,23.6,23.6,23.6,23.6,23.6,23.6,23.6,23.6,23.6,23.6,23.6,23.6,23.6,23.6,23.6,23.6,23.6,23.6,23.6,23.6,23.6,23.6,23.6,23.6,23.6,23.6,23.6,23.6
689,"XKX","Kosovo",NA,NA,NA,NA,NA,NA,NA,NA,NA,NA,NA,NA,NA,NA,NA,NA,NA,NA,NA,NA,NA,NA,NA,NA,NA,NA,NA,NA,NA,NA
414,"KWT","Kuwait",0,0,0,0,0,0,0,0,0,0,0,0,0,0,0,0,0,0,0,0,0,0,0,0,0,0,0,0,0,0
417,"KGZ","Kyrgyzstan",NA,NA,NA,NA,NA,NA,NA,NA,NA,NA,NA,NA,NA,NA,NA,NA,NA,NA,NA,NA,NA,NA,NA,NA,NA,NA,NA,NA,NA,NA
418,"LAO","Laos",NA,NA,NA,NA,NA,NA,NA,NA,NA,NA,NA,NA,NA,NA,NA,NA,NA,NA,NA,NA,NA,NA,NA,NA,NA,NA,NA,NA,NA,NA
428,"LVA","Latvia",86.8,86.8,86.8,86.8,86.8,86.8,86.8,86.8,86.8,86.8,86.8,86.8,86.8,86.8,86.8,86.8,86.8,86.8,86.8,86.8,86.8,86.8,86.8,86.8,86.8,86.8,86.8,86.8,86.8,86.8
422,"LBN","Lebanon",5,5,5,5,5,5,5,5,5,5,5,5,5,5,5,5,5,5,5,5,5,5,5,5,5,5,5,5,5,5
426,"LSO","Lesotho",NA,NA,NA,NA,NA,NA,NA,NA,NA,NA,NA,NA,NA,NA,NA,NA,NA,NA,NA,NA,NA,NA,NA,NA,NA,NA,NA,NA,NA,NA
430,"LBR","Liberia",NA,NA,NA,NA,NA,NA,NA,NA,NA,NA,NA,NA,NA,NA,NA,NA,NA,NA,NA,NA,NA,NA,NA,NA,NA,NA,NA,NA,NA,NA
434,"LBY","Libya",0.9,0.9,0.9,0.9,0.9,0.9,0.9,0.9,0.9,0.9,0.9,0.9,0.9,0.9,0.9,0.9,0.9,0.9,0.9,0.9,0.9,0.9,0.9,0.9,0.9,0.9,0.9,0.9,0.9,0.9
438,"LIE","Liechtenstein",NA,NA,NA,NA,NA,NA,NA,NA,NA,NA,NA,NA,NA,NA,NA,NA,NA,NA,NA,NA,NA,NA,NA,NA,NA,NA,NA,NA,NA,NA
440,"LTU","Lithuania",31.4,31.4,31.4,31.4,31.4,31.4,31.4,31.4,31.4,31.4,31.4,31.4,31.4,31.4,31.4,31.4,31.4,31.4,51.5,51.5,61.1,61.1,61.1,61.1,61.1,61.1,61.1,61.1,61.1,61.1
442,"LUX","Luxembourg",NA,NA,NA,NA,NA,NA,NA,NA,NA,NA,NA,NA,NA,NA,NA,NA,NA,NA,NA,NA,NA,NA,NA,NA,NA,NA,NA,NA,NA,NA
446,"MAC","Macao",NA,NA,NA,NA,NA,NA,NA,NA,NA,NA,NA,NA,NA,NA,NA,NA,NA,NA,NA,NA,NA,NA,NA,NA,NA,NA,NA,NA,NA,NA
450,"MDG","Madagascar",11.6,11.6,11.6,11.6,11.6,11.6,11.6,11.6,11.6,11.6,11.6,11.6,11.6,11.6,11.6,11.6,15.9,15.9,15.9,15.9,15.9,15.9,19.6,19.6,19.6,19.6,19.8,19.8,19.8,19.8
454,"MWI","Malawi",NA,NA,NA,NA,NA,NA,NA,NA,NA,NA,NA,NA,NA,NA,NA,NA,NA,NA,NA,NA,NA,NA,NA,NA,NA,NA,NA,NA,NA,NA
458,"MYS","Malaysia",5.7,5.7,5.7,5.7,5.7,5.7,5.7,5.7,5.7,5.7,5.7,5.7,5.7,5.7,5.7,5.7,5.7,5.7,6.2,6.2,6.2,6.2,6.2,6.2,6.2,6.2,6.2,6.2,6.2,6.2
462,"MDV","Maldives",0,0,0,0,0,0,0,0,0,0,0,0,0,0,0,0,0,0,0,0,0,0,0,0,0,0,0,0,0,0
466,"MLI","Mali",NA,NA,NA,NA,NA,NA,NA,NA,NA,NA,NA,NA,NA,NA,NA,NA,NA,NA,NA,NA,NA,NA,NA,NA,NA,NA,NA,NA,NA,NA
470,"MLT","Malta",41.7,41.7,41.7,41.7,41.7,41.7,41.7,41.7,41.7,41.7,41.7,41.7,41.7,41.7,41.7,41.7,41.7,41.7,41.7,41.7,41.7,99.3,99.3,99.3,99.3,99.3,99.3,99.3,99.3,99.3
584,"MHL","Marshall Islands",0.2,0.2,0.2,0.2,0.2,0.2,0.2,0.2,0.2,0.2,0.2,0.2,0.2,0.2,0.2,0.2,0.2,0.2,0.2,0.2,0.2,0.2,0.2,0.2,0.2,0.2,0.2,0.2,0.2,0.2
478,"MRT","Mauritania",45.4,45.4,45.4,45.4,45.4,45.4,45.4,45.4,45.4,45.4,45.4,45.4,45.4,45.4,45.4,45.4,45.4,45.4,45.4,45.4,45.4,45.4,45.4,45.4,45.4,45.4,45.4,45.4,45.4,45.4
480,"MUS","Mauritius",0.5,0.5,0.5,0.5,0.5,0.5,0.5,0.5,0.5,0.5,0.5,0.5,0.5,0.5,0.5,0.5,0.8,0.8,0.8,0.8,0.8,0.8,0.8,0.8,0.8,0.8,0.8,0.8,0.8,0.8
484,"MEX","Mexico",50.9,50.9,50.9,50.9,50.9,50.9,50.9,50.9,50.9,50.9,50.9,50.9,50.9,50.9,50.9,50.9,50.9,51.6,51.6,51.6,51.6,55.5,55.5,55.5,55.5,55.5,55.5,55.5,55.5,55.5
583,"FSM","Micronesia",0,0,0,0,0,0,0,0,0,0,0,0,0,0,0,0,0,0,0,0,0,0,0,0,0,0,0,0,0,0
498,"MDA","Moldova",NA,NA,NA,NA,NA,NA,NA,NA,NA,NA,NA,NA,NA,NA,NA,NA,NA,NA,NA,NA,NA,NA,NA,NA,NA,NA,NA,NA,NA,NA
492,"MCO","Monaco",NA,NA,NA,NA,NA,NA,NA,NA,NA,NA,NA,NA,NA,NA,NA,NA,NA,NA,NA,NA,NA,NA,NA,NA,NA,NA,NA,NA,NA,NA
496,"MNG","Mongolia",NA,NA,NA,NA,NA,NA,NA,NA,NA,NA,NA,NA,NA,NA,NA,NA,NA,NA,NA,NA,NA,NA,NA,NA,NA,NA,NA,NA,NA,NA
499,"MNE","Montenegro",14.5,14.5,14.5,14.5,14.5,14.5,14.5,14.5,14.5,14.5,14.5,14.5,14.5,14.5,14.5,14.5,14.5,14.5,14.5,14.5,14.5,14.5,14.5,14.5,14.5,14.5,14.5,14.5,14.5,14.5
504,"MAR","Morocco",4.7,4.7,4.7,4.7,4.7,4.7,4.7,4.7,4.7,4.7,4.7,4.7,4.7,4.7,4.7,4.7,4.7,4.7,4.7,4.8,4.8,4.8,4.8,4.8,5.2,5.2,5.2,5.2,5.2,5.2
508,"MOZ","Mozambique",23.3,23.3,23.3,23.3,23.3,23.3,23.3,23.3,23.3,23.3,23.3,23.3,23.3,23.3,23.3,23.3,23.3,34.2,34.2,34.2,34.2,34.2,34.2,34.2,34.2,34.2,34.2,34.2,34.2,34.2
104,"MMR","Myanmar",4.8,4.8,4.8,4.8,4.8,4.8,4.8,4.8,4.8,4.8,4.8,4.8,4.8,4.8,4.8,4.8,4.8,4.8,4.8,4.8,4.8,4.8,5.1,5.1,5.1,5.1,5.1,5.1,5.1,5.1
516,"NAM","Namibia",7.5,7.5,7.5,7.5,7.5,7.5,7.5,7.5,7.5,7.5,7.5,7.5,7.5,7.5,7.5,7.5,7.5,7.5,7.5,7.5,7.5,7.5,7.5,7.5,7.5,7.5,7.5,7.5,7.5,7.5
520,"NRU","Nauru",NA,NA,NA,NA,NA,NA,NA,NA,NA,NA,NA,NA,NA,NA,NA,NA,NA,NA,NA,NA,NA,NA,NA,NA,NA,NA,NA,NA,NA,NA
524,"NPL","Nepal",NA,NA,NA,NA,NA,NA,NA,NA,NA,NA,NA,NA,NA,NA,NA,NA,NA,NA,NA,NA,NA,NA,NA,NA,NA,NA,NA,NA,NA,NA
528,"NLD","Netherlands",38.2,38.2,38.2,38.2,38.2,38.2,38.2,38.2,38.2,38.2,38.2,38.2,38.2,38.2,38.2,38.2,38.2,38.2,38.3,39.2,40.2,77.5,77.5,77.7,77.7,77.7,77.7,77.7,77.7,77.7
540,"NCL","New Caledonia",NA,NA,NA,NA,NA,NA,NA,NA,NA,NA,NA,NA,NA,NA,NA,NA,NA,NA,NA,NA,NA,NA,NA,NA,NA,NA,NA,NA,NA,NA
554,"NZL","New Zealand",14.9,14.9,14.9,14.9,14.9,14.9,14.9,14.9,14.9,14.9,14.9,14.9,14.9,14.9,14.9,14.9,14.9,14.9,14.9,15,15,15,27.2,27.2,27.2,27.2,27.2,27.2,27.2,27.2
558,"NIC","Nicaragua",97.1,97.1,97.1,97.1,97.1,97.1,97.1,97.1,97.1,97.1,97.1,97.1,97.1,97.1,97.1,97.1,97.1,97.1,97.1,97.1,97.1,97.1,97.1,97.1,97.1,97.1,97.1,97.1,97.1,97.1
562,"NER","Niger",NA,NA,NA,NA,NA,NA,NA,NA,NA,NA,NA,NA,NA,NA,NA,NA,NA,NA,NA,NA,NA,NA,NA,NA,NA,NA,NA,NA,NA,NA
566,"NGA","Nigeria",NA,NA,NA,NA,NA,NA,NA,NA,NA,NA,NA,NA,NA,NA,NA,NA,NA,NA,NA,NA,NA,NA,NA,NA,NA,NA,NA,NA,NA,NA
570,"NIU","Niue",NA,NA,NA,NA,NA,NA,NA,NA,NA,NA,NA,NA,NA,NA,NA,NA,NA,NA,NA,NA,NA,NA,NA,NA,NA,NA,NA,NA,NA,NA
408,"PRK","North Korea",0,0,0,0,0,0,0,0,0,0,0,0,0,0,0,0,0,0,0,0,0,0,0,0,0,0,0,0,0,0
807,"MKD","North Macedonia",NA,NA,NA,NA,NA,NA,NA,NA,NA,NA,NA,NA,NA,NA,NA,NA,NA,NA,NA,NA,NA,NA,NA,NA,NA,NA,NA,NA,NA,NA
578,"NOR","Norway",93.5,93.5,93.5,93.5,93.5,93.5,93.5,93.5,93.5,93.5,93.5,93.5,93.5,93.5,93.5,93.5,93.5,93.6,93.6,93.6,93.6,93.7,93.7,93.7,93.7,93.7,93.9,93.9,93.9,93.9
512,"OMN","Oman",4.7,4.7,4.7,4.7,4.7,4.7,4.7,4.7,4.7,4.7,4.7,4.7,4.7,4.7,4.7,4.7,4.7,4.8,4.8,37.8,37.8,37.8,37.8,37.8,37.8,37.8,37.8,39.2,73.7,73.7
586,"PAK","Pakistan",0,0,0,0,0,0,0,0,0,0,0,0,0,0,0,0,0,0,0,0,0,0,0,0,0,0,0,0,0,0
585,"PLW","Palau",25.2,25.2,25.2,25.2,25.2,25.2,25.2,25.2,25.2,25.2,25.2,25.2,25.2,25.2,25.2,25.2,25.2,25.2,25.2,25.2,97.9,97.9,97.9,97.9,97.9,97.9,97.9,97.9,97.9,97.9
591,"PAN","Panama",76.8,76.8,76.8,76.8,76.8,76.8,76.8,76.8,76.8,76.8,76.8,76.8,76.8,76.8,76.8,76.8,76.8,76.8,76.8,76.8,76.8,76.8,76.8,76.8,76.8,76.8,76.8,76.8,76.8,76.8
598,"PNG","Papua New Guinea",0,0,0,0,0,0,0,0,0,0,0,0,0,0,0,0,0,0,0,0,0,0,0,0,0,0,0,0,0,0
600,"PRY","Paraguay",NA,NA,NA,NA,NA,NA,NA,NA,NA,NA,NA,NA,NA,NA,NA,NA,NA,NA,NA,NA,NA,NA,NA,NA,NA,NA,NA,NA,NA,NA
604,"PER","Peru",92.1,92.1,92.1,92.1,92.1,92.1,92.1,92.1,92.1,92.1,92.1,92.1,92.1,92.1,92.1,92.1,92.1,92.1,92.1,92.1,92.1,92.1,92.1,92.1,92.1,92.1,92.1,92.1,92.1,92.1
608,"PHL","Philippines",16.3,16.3,16.3,16.3,16.3,16.3,16.3,16.3,16.3,16.3,16.3,16.3,16.3,16.3,16.3,16.3,16.4,16.4,16.4,16.4,16.4,16.4,16.4,19.4,19.4,19.4,19.4,19.4,19.4,19.4
616,"POL","Poland",82.1,82.1,82.1,82.1,82.1,82.1,82.1,82.1,82.1,82.1,82.1,82.1,82.1,82.1,82.1,82.1,82.1,82.1,82.1,82.1,82.1,82.2,82.2,82.2,82.2,82.2,82.2,82.2,82.2,82.2
620,"PRT","Portugal",29.6,29.6,29.6,29.6,29.6,29.6,29.6,29.6,29.6,29.6,29.6,29.6,29.6,29.6,29.6,29.6,59.1,59.1,59.1,59.1,70,70.1,70.1,70.1,70.1,70.1,70.1,70.1,70.1,70.1
634,"QAT","Qatar",42.9,42.9,42.9,42.9,42.9,42.9,42.9,42.9,42.9,42.9,42.9,42.9,42.9,42.9,42.9,42.9,42.9,42.9,42.9,42.9,42.9,42.9,42.9,42.9,42.9,42.9,42.9,42.9,42.9,42.9
178,"COG","Republic of Congo",NA,NA,NA,NA,NA,NA,NA,NA,NA,NA,NA,NA,NA,NA,NA,NA,NA,NA,NA,NA,NA,NA,NA,NA,NA,NA,NA,NA,NA,NA
642,"ROU","Romania",98.8,98.8,98.8,98.8,98.8,98.8,98.8,98.8,98.8,98.8,98.8,98.8,98.8,98.8,98.8,98.8,98.8,98.8,98.8,98.8,98.8,98.8,98.8,98.8,98.8,98.8,98.8,98.8,98.8,98.8
643,"RUS","Russia",8.4,8.4,8.4,8.4,8.4,8.4,8.4,8.4,8.4,8.4,8.4,8.4,8.4,8.4,8.4,8.4,8.4,8.4,10.6,10.6,10.6,10.6,10.8,11.3,11.3,11.4,11.4,11.4,11.4,11.4
646,"RWA","Rwanda",NA,NA,NA,NA,NA,NA,NA,NA,NA,NA,NA,NA,NA,NA,NA,NA,NA,NA,NA,NA,NA,NA,NA,NA,NA,NA,NA,NA,NA,NA
652,"BLM","Saint Barthelemy",NA,NA,NA,NA,NA,NA,NA,NA,NA,NA,NA,NA,NA,NA,NA,NA,NA,NA,NA,NA,NA,NA,NA,NA,NA,NA,NA,NA,NA,NA
659,"KNA","Saint Kitts and Nevis",0,0,0,0,0,0,0,0,0,0,0,0,0,0,0,0,0,0,0,0,0,4.5,4.5,4.5,4.5,4.5,4.5,4.5,4.5,4.5
662,"LCA","Saint Lucia",12,12,12,12,12,12,12,12,12,12,12,12,12,12,12,12,12,12,12,12,12,12,12,12,12,12,12,12,12,12
670,"VCT","Saint Vincent and the Grenadines",9.6,9.6,9.6,9.6,9.6,9.6,9.6,9.6,9.6,9.6,9.6,9.6,9.6,9.6,9.6,9.6,9.6,9.6,9.6,9.6,9.6,9.6,9.6,9.6,9.6,9.6,9.6,9.6,9.6,9.6
882,"WSM","Samoa",7,7,7,7,7,7,7,7,7,7,7,7,7,7,7,7,7,7,7,7,7,7,7,7,7,7,7,7,7,7
674,"SMR","San Marino",NA,NA,NA,NA,NA,NA,NA,NA,NA,NA,NA,NA,NA,NA,NA,NA,NA,NA,NA,NA,NA,NA,NA,NA,NA,NA,NA,NA,NA,NA
678,"STP","Sao Tome and Principe",10.1,10.1,10.1,10.1,10.1,10.1,10.1,10.1,10.1,10.1,10.1,10.1,10.1,10.1,10.1,10.1,10.1,10.1,10.1,10.1,10.1,10.1,10.1,10.1,10.1,10.1,10.1,10.1,10.1,10.1
682,"SAU","Saudi Arabia",50.4,50.4,50.4,50.4,50.4,50.4,50.4,50.4,50.4,50.4,50.4,50.4,50.4,50.4,50.4,50.4,50.4,50.4,50.4,50.4,50.4,50.4,50.4,50.4,50.4,50.4,50.4,50.4,50.4,50.4
686,"SEN","Senegal",5.4,5.4,5.4,5.4,5.4,5.4,5.4,5.4,5.4,5.4,5.4,5.4,5.4,5.4,5.4,5.4,5.4,5.4,5.4,8.6,8.6,8.6,8.6,8.6,8.6,8.9,8.9,8.9,8.9,8.9
688,"SRB","Serbia",NA,NA,NA,NA,NA,NA,NA,NA,NA,NA,NA,NA,NA,NA,NA,NA,NA,NA,NA,NA,NA,NA,NA,NA,NA,NA,NA,NA,NA,NA
690,"SYC","Seychelles",47.9,47.9,47.9,47.9,47.9,47.9,47.9,47.9,47.9,47.9,47.9,47.9,47.9,47.9,47.9,47.9,47.9,47.9,47.9,47.9,47.9,47.9,47.9,47.9,47.9,94.7,94.7,94.7,94.7,94.7
694,"SLE","Sierra Leone",2.8,2.8,2.8,2.8,2.8,2.8,2.8,2.8,2.8,2.8,2.8,2.8,2.8,2.8,2.8,2.8,2.8,5.5,5.5,5.5,5.5,5.5,5.5,5.5,5.5,5.5,5.5,5.5,5.5,5.5
702,"SGP","Singapore",NA,NA,NA,NA,NA,NA,NA,NA,NA,NA,NA,NA,NA,NA,NA,NA,NA,NA,NA,NA,NA,NA,NA,NA,NA,NA,NA,NA,NA,NA
534,"SXM","Sint Maarten",NA,NA,NA,NA,NA,NA,NA,NA,NA,NA,NA,NA,NA,NA,NA,NA,NA,NA,NA,NA,NA,NA,NA,NA,NA,NA,NA,NA,NA,NA
703,"SVK","Slovakia",NA,NA,NA,NA,NA,NA,NA,NA,NA,NA,NA,NA,NA,NA,NA,NA,NA,NA,NA,NA,NA,NA,NA,NA,NA,NA,NA,NA,NA,NA
705,"SVN","Slovenia",11.2,11.2,11.2,11.2,11.2,11.2,11.2,11.2,11.2,11.2,11.2,11.2,11.2,11.2,11.2,11.2,11.2,11.2,12,12,12,12,12,12,12,12,12,12,12,12
90,"SLB","Solomon Islands",9.3,9.3,9.3,9.3,9.3,9.3,9.3,9.3,9.3,9.3,9.3,9.3,9.3,9.3,9.3,9.3,9.5,9.5,9.5,9.5,9.5,9.5,9.5,9.5,9.5,9.5,9.5,9.5,9.5,9.5
706,"SOM","Somalia",0,0,0,0,0,0,0,0,0,0,0,0,0,0,0,0,0,0,0,0,0,0,0,0,0,0,0,0,0,0
710,"ZAF","South Africa",28.7,28.7,28.7,28.7,28.7,28.7,28.7,28.7,28.7,28.7,28.7,28.7,28.7,28.7,28.7,28.7,28.7,28.7,34.9,34.9,35,35,35,35,35.2,35.2,35.2,35.2,35.2,35.2
410,"KOR","South Korea",39.9,39.9,39.9,39.9,39.9,39.9,39.9,39.9,39.9,39.9,39.9,39.9,39.9,39.9,39.9,39.9,41.4,41.4,41.4,41.4,41.4,41.4,41.4,41.4,41.4,41.4,41.4,41.4,41.4,41.4
728,"SSD","South Sudan",NA,NA,NA,NA,NA,NA,NA,NA,NA,NA,NA,NA,NA,NA,NA,NA,NA,NA,NA,NA,NA,NA,NA,NA,NA,NA,NA,NA,NA,NA
724,"ESP","Spain",38.3,38.3,38.3,38.3,38.3,38.3,38.3,38.3,38.3,38.3,38.3,38.3,38.3,38.3,38.3,38.3,40,40.1,40.1,91.3,91.3,91.3,91.4,91.4,91.4,91.4,91.4,91.4,91.4,91.4
144,"LKA","Sri Lanka",2.5,2.5,2.5,2.5,2.5,2.5,2.5,2.5,2.5,2.5,2.5,2.5,2.5,2.5,2.5,2.5,2.5,2.5,2.5,2.5,2.5,2.5,2.5,2.5,2.5,2.5,2.5,2.5,2.5,2.5
275,"PSE","State of Palestine",0,0,0,0,0,0,0,0,0,0,0,0,0,0,0,0,0,0,0,0,0,0,0,0,0,0,0,0,0,0
729,"SDN","Sudan",1.9,1.9,1.9,1.9,1.9,1.9,1.9,1.9,1.9,1.9,1.9,1.9,1.9,1.9,1.9,1.9,1.9,1.9,1.9,1.9,1.9,95.5,95.5,95.5,95.5,95.5,95.5,95.5,95.5,95.5
740,"SUR","Suriname",57.9,57.9,57.9,57.9,57.9,57.9,57.9,57.9,57.9,57.9,57.9,57.9,57.9,57.9,57.9,57.9,57.9,57.9,57.9,57.9,57.9,57.9,57.9,57.9,57.9,57.9,57.9,57.9,57.9,57.9
752,"SWE","Sweden",44.6,44.6,44.6,44.6,44.6,44.6,44.6,44.6,44.6,44.6,44.6,44.6,44.6,44.6,44.6,44.6,44.6,45,45,45.1,45.1,53,53,53.1,53.1,53.9,54.8,54.8,54.8,54.8
756,"CHE","Switzerland",NA,NA,NA,NA,NA,NA,NA,NA,NA,NA,NA,NA,NA,NA,NA,NA,NA,NA,NA,NA,NA,NA,NA,NA,NA,NA,NA,NA,NA,NA
760,"SYR","Syria",0,0,0,0,0,0,0,0,0,0,0,0,0,0,0,0,0,0,0,0,0,0,0,0,0,0,0,0,0,0
158,"TWN","Taiwan",2.2,2.2,2.2,2.2,2.2,2.2,2.2,2.2,2.2,2.2,2.2,2.2,2.2,2.2,2.2,2.2,2.2,2.2,2.2,2.2,2.2,2.2,2.2,2.2,2.2,2.2,2.2,2.2,2.2,2.2
762,"TJK","Tajikistan",NA,NA,NA,NA,NA,NA,NA,NA,NA,NA,NA,NA,NA,NA,NA,NA,NA,NA,NA,NA,NA,NA,NA,NA,NA,NA,NA,NA,NA,NA
834,"TZA","Tanzania",67.5,67.5,67.5,67.5,67.5,67.5,67.5,67.5,67.5,67.5,67.5,67.5,67.5,67.5,67.5,67.5,67.5,67.5,67.5,67.5,67.5,67.5,67.5,67.5,67.5,67.5,67.5,67.5,67.5,67.5
764,"THA","Thailand",57.8,57.8,57.8,57.8,57.8,57.8,57.8,57.8,57.8,57.8,57.8,57.8,57.8,57.8,57.8,57.8,57.8,57.8,57.8,57.8,57.8,68,68,68.3,68.3,68.3,68.3,68.3,68.3,68.3
626,"TLS","Timor-Leste",59.7,59.7,59.7,59.7,59.7,59.7,59.7,59.7,59.7,59.7,59.7,59.7,59.7,59.7,59.7,59.7,59.7,59.7,59.7,59.7,59.7,59.9,59.9,59.9,59.9,59.9,59.9,59.9,59.9,59.9
768,"TGO","Togo",NA,NA,NA,NA,NA,NA,NA,NA,NA,NA,NA,NA,NA,NA,NA,NA,NA,NA,NA,NA,NA,NA,NA,NA,NA,NA,NA,NA,NA,NA
776,"TON","Tonga",0.2,0.2,0.2,0.2,0.2,0.2,0.2,0.2,0.2,0.2,0.2,0.2,0.2,0.2,0.2,0.2,0.2,0.2,0.2,0.2,0.2,0.2,0.2,0.2,0.2,0.2,0.2,0.2,0.2,0.2
780,"TTO","Trinidad and Tobago",0,0,0,0,0,0,0,0,0,0,0,0,0,0,0,0,0,0,0,0,0,0,0,0,0,0,0,0,0,0
788,"TUN","Tunisia",15.7,15.7,15.7,15.7,15.7,15.7,15.7,15.7,15.7,15.7,15.7,15.7,15.7,15.7,15.7,15.7,15.7,15.7,15.7,15.7,15.7,15.7,15.7,15.7,15.7,15.7,15.7,15.7,15.7,15.7
792,"TUR","Turkiye",2.1,2.1,2.1,2.1,2.1,2.1,2.1,2.1,2.1,2.1,2.1,2.1,2.1,2.1,2.1,2.1,2.1,2.1,2.1,2.1,2.1,2.1,2.1,2.1,2.1,2.1,2.1,2.1,2.1,2.1
795,"TKM","Turkmenistan",72.8,72.8,72.8,72.8,72.8,72.8,72.8,72.8,72.8,72.8,72.8,72.8,72.8,72.8,72.8,72.8,72.8,72.8,72.8,72.8,72.8,72.8,72.8,72.8,72.8,72.8,72.8,72.8,72.8,72.8
796,"TCA","Turks and Caicos Islands",NA,NA,NA,NA,NA,NA,NA,NA,NA,NA,NA,NA,NA,NA,NA,NA,NA,NA,NA,NA,NA,NA,NA,NA,NA,NA,NA,NA,NA,NA
798,"TUV","Tuvalu",NA,NA,NA,NA,NA,NA,NA,NA,NA,NA,NA,NA,NA,NA,NA,NA,NA,NA,NA,NA,NA,NA,NA,NA,NA,NA,NA,NA,NA,NA
800,"UGA","Uganda",NA,NA,NA,NA,NA,NA,NA,NA,NA,NA,NA,NA,NA,NA,NA,NA,NA,NA,NA,NA,NA,NA,NA,NA,NA,NA,NA,NA,NA,NA
804,"UKR","Ukraine",81.5,81.5,81.5,81.5,81.5,81.5,81.5,81.5,81.5,81.5,81.5,81.5,81.5,81.5,81.5,81.5,81.5,81.5,81.5,81.5,81.5,81.5,81.5,81.5,81.5,81.5,81.5,81.5,81.5,81.5
784,"ARE","United Arab Emirates",90.2,90.2,90.2,90.2,90.2,90.2,90.2,90.2,90.2,90.2,90.2,90.2,90.2,90.2,90.2,90.2,90.2,90.2,90.2,90.2,90.2,90.2,90.2,90.2,90.2,90.2,90.2,90.2,90.2,90.2
826,"GBR","United Kingdom",0.7,0.7,0.7,0.7,0.7,0.7,0.7,0.7,0.7,0.7,0.7,0.7,0.7,0.7,0.7,0.7,0.7,78.1,78.1,78.1,78.1,78.1,78.1,78.1,80,80,80,80,80,80
840,"USA","United States of America",58.7,58.7,58.7,58.7,58.7,58.7,58.7,58.7,58.7,58.7,58.7,58.7,58.7,58.7,58.7,58.7,58.7,58.7,58.7,58.7,58.7,58.7,58.7,58.7,58.7,58.7,58.7,58.7,58.7,58.7
858,"URY","Uruguay",10,10,10,10,10,10,10,10,10,10,10,10,10,10,10,10,10.8,10.8,10.8,12.2,15.1,15.1,15.1,15.1,15.1,15.1,15.1,15.1,15.1,15.1
860,"UZB","Uzbekistan",NA,NA,NA,NA,NA,NA,NA,NA,NA,NA,NA,NA,NA,NA,NA,NA,NA,NA,NA,NA,NA,NA,NA,NA,NA,NA,NA,NA,NA,NA
548,"VUT","Vanuatu",0.6,0.6,0.6,0.6,0.6,0.6,0.6,0.6,0.6,0.6,0.6,0.6,0.6,0.6,0.6,0.6,0.6,0.6,0.6,0.6,0.6,0.6,0.6,0.6,0.6,0.6,0.6,0.6,0.6,0.6
862,"VEN","Venezuela",10.3,10.3,10.3,10.3,10.3,10.3,10.3,10.3,10.3,10.3,10.3,10.3,10.3,10.3,10.3,10.3,10.3,10.3,10.3,10.3,10.3,10.3,10.3,10.3,10.3,10.3,10.3,10.3,10.3,10.3
704,"VNM","Viet Nam",16.7,16.7,16.7,16.7,16.7,16.7,16.7,16.7,16.7,16.7,16.7,16.7,16.7,16.7,16.7,16.7,16.7,16.7,23.1,27.5,27.5,27.5,27.5,27.5,27.5,27.5,27.5,27.5,27.5,27.5
876,"WLF","Wallis and Futuna Islands",NA,NA,NA,NA,NA,NA,NA,NA,NA,NA,NA,NA,NA,NA,NA,NA,NA,NA,NA,NA,NA,NA,NA,NA,NA,NA,NA,NA,NA,NA
732,"ESH","Western Sahara",0,0,0,0,0,0,0,0,0,0,0,0,0,0,0,0,0,0,0,0,0,0,0,0,0,0,0,0,0,0
887,"YEM","Yemen",28.1,28.1,28.1,28.1,28.1,28.1,28.1,28.1,28.1,28.1,28.1,28.1,28.1,28.1,28.1,28.1,28.1,28.1,28.1,28.1,28.1,28.1,28.1,28.1,28.1,28.1,28.1,28.1,28.1,28.1
894,"ZMB","Zambia",NA,NA,NA,NA,NA,NA,NA,NA,NA,NA,NA,NA,NA,NA,NA,NA,NA,NA,NA,NA,NA,NA,NA,NA,NA,NA,NA,NA,NA,NA
716,"ZWE","Zimbabwe",NA,NA,NA,NA,NA,NA,NA,NA,NA,NA,NA,NA,NA,NA,NA,NA,NA,NA,NA,NA,NA,NA,NA,NA,NA,NA,NA,NA,NA,NA
