"code","iso","country","TCG.ind.1995","TCG.ind.1996","TCG.ind.1997","TCG.ind.1998","TCG.ind.1999","TCG.ind.2000","TCG.ind.2001","TCG.ind.2002","TCG.ind.2003","TCG.ind.2004","TCG.ind.2005","TCG.ind.2006","TCG.ind.2007","TCG.ind.2008","TCG.ind.2009","TCG.ind.2010","TCG.ind.2011","TCG.ind.2012","TCG.ind.2013","TCG.ind.2014","TCG.ind.2015","TCG.ind.2016","TCG.ind.2017","TCG.ind.2018","TCG.ind.2019","TCG.ind.2020","TCG.ind.2021","TCG.ind.2022","TCG.ind.2023","TCG.ind.2024"
4,"AFG","Afghanistan",NA,NA,NA,NA,NA,NA,NA,NA,NA,NA,NA,NA,NA,NA,NA,NA,NA,NA,NA,NA,NA,NA,NA,NA,NA,NA,NA,NA,NA,NA
8,"ALB","Albania",36.5,36.5,36.5,36.5,36.5,36.5,36.5,36.5,36.5,36.5,36.5,36.5,36.5,36.5,36.5,36.5,36.5,36.5,36.5,36.5,36.5,36.5,36.5,36.5,36.5,36.5,36.5,36.5,36.5,36.5
12,"DZA","Algeria",NA,NA,NA,NA,NA,NA,NA,NA,NA,NA,NA,NA,NA,NA,NA,NA,NA,NA,NA,NA,NA,NA,NA,NA,NA,NA,NA,NA,NA,NA
20,"AND","Andorra",51.4,51.4,51.4,51.4,51.4,51.4,51.4,51.4,51.4,51.4,51.4,51.4,51.4,51.4,51.4,51.4,51.4,51.4,51.4,51.4,51.4,51.4,51.4,51.4,51.4,51.4,51.4,51.4,51.4,51.4
24,"AGO","Angola",27.9,27.9,27.9,27.9,27.9,27.9,27.9,27.9,27.9,27.9,27.9,27.9,27.9,27.9,27.9,27.9,27.9,27.9,27.9,27.9,27.9,27.9,27.9,27.9,27.9,27.9,27.9,27.9,27.9,27.9
660,"AIA","Anguilla",59.7,59.7,59.7,59.7,59.7,59.7,59.7,59.7,59.7,59.7,59.7,59.7,59.7,59.7,59.7,59.7,59.7,59.7,59.7,59.7,59.7,59.7,59.7,59.7,59.7,59.7,59.7,59.7,59.7,59.7
28,"ATG","Antigua and Barbuda",30.2,30.2,30.2,30.2,30.2,30.2,30.2,30.2,30.2,30.2,30.2,30.2,30.2,30.2,30.2,30.2,30.2,30.2,30.2,30.2,30.2,30.2,30.2,30.2,30.2,30.2,30.2,30.2,30.2,30.2
32,"ARG","Argentina",0,0,0,0,0,0,0,0,0,0,0,0,0,0,0,0,0,0,0,0,0,0,0,0,0,0,0,0,0,0
51,"ARM","Armenia",58.2,58.2,58.2,58.2,58.2,58.2,58.2,58.2,58.2,58.2,58.2,58.2,58.2,58.2,58.2,58.2,58.2,58.2,58.2,58.2,58.2,58.2,58.2,58.2,58.2,58.2,58.2,58.2,58.2,58.2
533,"ABW","Aruba",NA,NA,NA,NA,NA,NA,NA,NA,NA,NA,NA,NA,NA,NA,NA,NA,NA,NA,NA,NA,NA,NA,NA,NA,NA,NA,NA,NA,NA,NA
36,"AUS","Australia",44.9,44.9,44.9,44.9,44.9,44.9,44.9,44.9,44.9,44.9,44.9,44.9,44.9,44.9,44.9,44.9,44.9,44.9,44.9,44.9,44.9,44.9,44.9,44.9,44.9,44.9,44.9,44.9,44.9,44.9
40,"AUT","Austria",38.7,38.7,38.7,38.7,38.7,38.7,38.7,38.7,38.7,38.7,38.7,38.7,38.7,38.7,38.7,38.7,38.7,38.7,38.7,38.7,38.7,38.7,38.7,38.7,38.7,38.7,38.7,38.7,38.7,38.7
31,"AZE","Azerbaijan",50.7,50.7,50.7,50.7,50.7,50.7,50.7,50.7,50.7,50.7,50.7,50.7,50.7,50.7,50.7,50.7,50.7,50.7,50.7,50.7,50.7,50.7,50.7,50.7,50.7,50.7,50.7,50.7,50.7,50.7
44,"BHS","Bahamas",NA,NA,NA,NA,NA,NA,NA,NA,NA,NA,NA,NA,NA,NA,NA,NA,NA,NA,NA,NA,NA,NA,NA,NA,NA,NA,NA,NA,NA,NA
48,"BHR","Bahrain",NA,NA,NA,NA,NA,NA,NA,NA,NA,NA,NA,NA,NA,NA,NA,NA,NA,NA,NA,NA,NA,NA,NA,NA,NA,NA,NA,NA,NA,NA
50,"BGD","Bangladesh",75,75,75,75,75,75,75,75,75,75,75,75,75,75,75,75,75,75,75,75,75,75,75,75,75,75,75,75,75,75
52,"BRB","Barbados",60.1,60.1,60.1,60.1,60.1,60.1,60.1,60.1,60.1,60.1,60.1,60.1,60.1,60.1,60.1,60.1,60.1,60.1,60.1,60.1,60.1,60.1,60.1,60.1,60.1,60.1,60.1,60.1,60.1,60.1
112,"BLR","Belarus",80.6,80.6,80.6,80.6,80.6,80.6,80.6,80.6,80.6,80.6,80.6,80.6,80.6,80.6,80.6,80.6,80.6,80.6,80.6,80.6,80.6,80.6,80.6,80.6,80.6,80.6,80.6,80.6,80.6,80.6
56,"BEL","Belgium",48.5,48.5,48.5,48.5,48.5,48.5,48.5,48.5,48.5,48.5,48.5,48.5,48.5,48.5,48.5,48.5,48.5,48.5,48.5,48.5,48.5,48.5,48.5,48.5,48.5,48.5,48.5,48.5,48.5,48.5
84,"BLZ","Belize",8.1,8.1,8.1,8.1,8.1,8.1,8.1,8.1,8.1,8.1,8.1,8.1,8.1,8.1,8.1,8.1,8.1,8.1,8.1,8.1,8.1,8.1,8.1,8.1,8.1,8.1,8.1,8.1,8.1,8.1
204,"BEN","Benin",14.4,14.4,14.4,14.4,14.4,14.4,14.4,14.4,14.4,14.4,14.4,14.4,14.4,14.4,14.4,14.4,14.4,14.4,14.4,14.4,14.4,14.4,14.4,14.4,14.4,14.4,14.4,14.4,14.4,14.4
60,"BMU","Bermuda",NA,NA,NA,NA,NA,NA,NA,NA,NA,NA,NA,NA,NA,NA,NA,NA,NA,NA,NA,NA,NA,NA,NA,NA,NA,NA,NA,NA,NA,NA
64,"BTN","Bhutan",52.5,52.5,52.5,52.5,52.5,52.5,52.5,52.5,52.5,52.5,52.5,52.5,52.5,52.5,52.5,52.5,52.5,52.5,52.5,52.5,52.5,52.5,52.5,52.5,52.5,52.5,52.5,52.5,52.5,52.5
68,"BOL","Bolivia",21.9,21.9,21.9,21.9,21.9,21.9,21.9,21.9,21.9,21.9,21.9,21.9,21.9,21.9,21.9,21.9,21.9,21.9,21.9,21.9,21.9,21.9,21.9,21.9,21.9,21.9,21.9,21.9,21.9,21.9
70,"BIH","Bosnia and Herzegovina",53.7,53.7,53.7,53.7,53.7,53.7,53.7,53.7,53.7,53.7,53.7,53.7,53.7,53.7,53.7,53.7,53.7,53.7,53.7,53.7,53.7,53.7,53.7,53.7,53.7,53.7,53.7,53.7,53.7,53.7
72,"BWA","Botswana",NA,NA,NA,NA,NA,NA,NA,NA,NA,NA,NA,NA,NA,NA,NA,NA,NA,NA,NA,NA,NA,NA,NA,NA,NA,NA,NA,NA,NA,NA
76,"BRA","Brazil",20.3,20.3,20.3,20.3,20.3,20.3,20.3,20.3,20.3,20.3,20.3,20.3,20.3,20.3,20.3,20.3,20.3,20.3,20.3,20.3,20.3,20.3,20.3,20.3,20.3,20.3,20.3,20.3,20.3,20.3
92,"VGB","British Virgin Islands",41.9,41.9,41.9,41.9,41.9,41.9,41.9,41.9,41.9,41.9,41.9,41.9,41.9,41.9,41.9,41.9,41.9,41.9,41.9,41.9,41.9,41.9,41.9,41.9,41.9,41.9,41.9,41.9,41.9,41.9
96,"BRN","Brunei Darussalam",47.1,47.1,47.1,47.1,47.1,47.1,47.1,47.1,47.1,47.1,47.1,47.1,47.1,47.1,47.1,47.1,47.1,47.1,47.1,47.1,47.1,47.1,47.1,47.1,47.1,47.1,47.1,47.1,47.1,47.1
100,"BGR","Bulgaria",57,57,57,57,57,57,57,57,57,57,57,57,57,57,57,57,57,57,57,57,57,57,57,57,57,57,57,57,57,57
854,"BFA","Burkina Faso",NA,NA,NA,NA,NA,NA,NA,NA,NA,NA,NA,NA,NA,NA,NA,NA,NA,NA,NA,NA,NA,NA,NA,NA,NA,NA,NA,NA,NA,NA
108,"BDI","Burundi",39.9,39.9,39.9,39.9,39.9,39.9,39.9,39.9,39.9,39.9,39.9,39.9,39.9,39.9,39.9,39.9,39.9,39.9,39.9,39.9,39.9,39.9,39.9,39.9,39.9,39.9,39.9,39.9,39.9,39.9
132,"CPV","Cabo Verde",NA,NA,NA,NA,NA,NA,NA,NA,NA,NA,NA,NA,NA,NA,NA,NA,NA,NA,NA,NA,NA,NA,NA,NA,NA,NA,NA,NA,NA,NA
116,"KHM","Cambodia",0,0,0,0,0,0,0,0,0,0,0,0,0,0,0,0,0,0,0,0,0,0,0,0,0,0,0,0,0,0
120,"CMR","Cameroon",41.4,41.4,41.4,41.4,41.4,41.4,41.4,41.4,41.4,41.4,41.4,41.4,41.4,41.4,41.4,41.4,41.4,41.4,41.4,41.4,41.4,41.4,41.4,41.4,41.4,41.4,41.4,41.4,41.4,41.4
124,"CAN","Canada",36.2,36.2,36.2,36.2,36.2,36.2,36.2,36.2,36.2,36.2,36.2,36.2,36.2,36.2,36.2,36.2,36.2,36.2,36.2,36.2,36.2,36.2,36.2,36.2,36.2,36.2,36.2,36.2,36.2,36.2
136,"CYM","Cayman Islands",72.6,72.6,72.6,72.6,72.6,72.6,72.6,72.6,72.6,72.6,72.6,72.6,72.6,72.6,72.6,72.6,72.6,72.6,72.6,72.6,72.6,72.6,72.6,72.6,72.6,72.6,72.6,72.6,72.6,72.6
140,"CAF","Central African Republic",43.4,43.4,43.4,43.4,43.4,43.4,43.4,43.4,43.4,43.4,43.4,43.4,43.4,43.4,43.4,43.4,43.4,43.4,43.4,43.4,43.4,43.4,43.4,43.4,43.4,43.4,43.4,43.4,43.4,43.4
148,"TCD","Chad",NA,NA,NA,NA,NA,NA,NA,NA,NA,NA,NA,NA,NA,NA,NA,NA,NA,NA,NA,NA,NA,NA,NA,NA,NA,NA,NA,NA,NA,NA
152,"CHL","Chile",49.6,49.6,49.6,49.6,49.6,49.6,49.6,49.6,49.6,49.6,49.6,49.6,49.6,49.6,49.6,49.6,49.6,49.6,49.6,49.6,49.6,49.6,49.6,49.6,49.6,49.6,49.6,49.6,49.6,49.6
156,"CHN","China",54.8,54.8,54.8,54.8,54.8,54.8,54.8,54.8,54.8,54.8,54.8,54.8,54.8,54.8,54.8,54.8,54.8,54.8,54.8,54.8,54.8,54.8,54.8,54.8,54.8,54.8,54.8,54.8,54.8,54.8
170,"COL","Colombia",39,39,39,39,39,39,39,39,39,39,39,39,39,39,39,39,39,39,39,39,39,39,39,39,39,39,39,39,39,39
174,"COM","Comoros",41.3,41.3,41.3,41.3,41.3,41.3,41.3,41.3,41.3,41.3,41.3,41.3,41.3,41.3,41.3,41.3,41.3,41.3,41.3,41.3,41.3,41.3,41.3,41.3,41.3,41.3,41.3,41.3,41.3,41.3
184,"COK","Cook Islands",NA,NA,NA,NA,NA,NA,NA,NA,NA,NA,NA,NA,NA,NA,NA,NA,NA,NA,NA,NA,NA,NA,NA,NA,NA,NA,NA,NA,NA,NA
188,"CRI","Costa Rica",38.1,38.1,38.1,38.1,38.1,38.1,38.1,38.1,38.1,38.1,38.1,38.1,38.1,38.1,38.1,38.1,38.1,38.1,38.1,38.1,38.1,38.1,38.1,38.1,38.1,38.1,38.1,38.1,38.1,38.1
384,"CIV","Cote d'Ivoire",15.3,15.3,15.3,15.3,15.3,15.3,15.3,15.3,15.3,15.3,15.3,15.3,15.3,15.3,15.3,15.3,15.3,15.3,15.3,15.3,15.3,15.3,15.3,15.3,15.3,15.3,15.3,15.3,15.3,15.3
191,"HRV","Croatia",48.7,48.7,48.7,48.7,48.7,48.7,48.7,48.7,48.7,48.7,48.7,48.7,48.7,48.7,48.7,48.7,48.7,48.7,48.7,48.7,48.7,48.7,48.7,48.7,48.7,48.7,48.7,48.7,48.7,48.7
192,"CUB","Cuba",49.2,49.2,49.2,49.2,49.2,49.2,49.2,49.2,49.2,49.2,49.2,49.2,49.2,49.2,49.2,49.2,49.2,49.2,49.2,49.2,49.2,49.2,49.2,49.2,49.2,49.2,49.2,49.2,49.2,49.2
531,"CUW","Curacao",59.1,59.1,59.1,59.1,59.1,59.1,59.1,59.1,59.1,59.1,59.1,59.1,59.1,59.1,59.1,59.1,59.1,59.1,59.1,59.1,59.1,59.1,59.1,59.1,59.1,59.1,59.1,59.1,59.1,59.1
196,"CYP","Cyprus",55.3,55.3,55.3,55.3,55.3,55.3,55.3,55.3,55.3,55.3,55.3,55.3,55.3,55.3,55.3,55.3,55.3,55.3,55.3,55.3,55.3,55.3,55.3,55.3,55.3,55.3,55.3,55.3,55.3,55.3
203,"CZE","Czech Republic",38.6,38.6,38.6,38.6,38.6,38.6,38.6,38.6,38.6,38.6,38.6,38.6,38.6,38.6,38.6,38.6,38.6,38.6,38.6,38.6,38.6,38.6,38.6,38.6,38.6,38.6,38.6,38.6,38.6,38.6
180,"COD","Dem. Rep. Congo",32.2,32.2,32.2,32.2,32.2,32.2,32.2,32.2,32.2,32.2,32.2,32.2,32.2,32.2,32.2,32.2,32.2,32.2,32.2,32.2,32.2,32.2,32.2,32.2,32.2,32.2,32.2,32.2,32.2,32.2
208,"DNK","Denmark",87,87,87,87,87,87,87,87,87,87,87,87,87,87,87,87,87,87,87,87,87,87,87,87,87,87,87,87,87,87
262,"DJI","Djibouti",NA,NA,NA,NA,NA,NA,NA,NA,NA,NA,NA,NA,NA,NA,NA,NA,NA,NA,NA,NA,NA,NA,NA,NA,NA,NA,NA,NA,NA,NA
212,"DMA","Dominica",43.2,43.2,43.2,43.2,43.2,43.2,43.2,43.2,43.2,43.2,43.2,43.2,43.2,43.2,43.2,43.2,43.2,43.2,43.2,43.2,43.2,43.2,43.2,43.2,43.2,43.2,43.2,43.2,43.2,43.2
214,"DOM","Dominican Republic",37.3,37.3,37.3,37.3,37.3,37.3,37.3,37.3,37.3,37.3,37.3,37.3,37.3,37.3,37.3,37.3,37.3,37.3,37.3,37.3,37.3,37.3,37.3,37.3,37.3,37.3,37.3,37.3,37.3,37.3
218,"ECU","Ecuador",42.5,42.5,42.5,42.5,42.5,42.5,42.5,42.5,42.5,42.5,42.5,42.5,42.5,42.5,42.5,42.5,42.5,42.5,42.5,42.5,42.5,42.5,42.5,42.5,42.5,42.5,42.5,42.5,42.5,42.5
818,"EGY","Egypt",NA,NA,NA,NA,NA,NA,NA,NA,NA,NA,NA,NA,NA,NA,NA,NA,NA,NA,NA,NA,NA,NA,NA,NA,NA,NA,NA,NA,NA,NA
222,"SLV","El Salvador",41.8,41.8,41.8,41.8,41.8,41.8,41.8,41.8,41.8,41.8,41.8,41.8,41.8,41.8,41.8,41.8,41.8,41.8,41.8,41.8,41.8,41.8,41.8,41.8,41.8,41.8,41.8,41.8,41.8,41.8
226,"GNQ","Equatorial Guinea",42.5,42.5,42.5,42.5,42.5,42.5,42.5,42.5,42.5,42.5,42.5,42.5,42.5,42.5,42.5,42.5,42.5,42.5,42.5,42.5,42.5,42.5,42.5,42.5,42.5,42.5,42.5,42.5,42.5,42.5
232,"ERI","Eritrea",NA,NA,NA,NA,NA,NA,NA,NA,NA,NA,NA,NA,NA,NA,NA,NA,NA,NA,NA,NA,NA,NA,NA,NA,NA,NA,NA,NA,NA,NA
233,"EST","Estonia",35.8,35.8,35.8,35.8,35.8,35.8,35.8,35.8,35.8,35.8,35.8,35.8,35.8,35.8,35.8,35.8,35.8,35.8,35.8,35.8,35.8,35.8,35.8,35.8,35.8,35.8,35.8,35.8,35.8,35.8
748,"SWZ","Eswatini",34.9,34.9,34.9,34.9,34.9,34.9,34.9,34.9,34.9,34.9,34.9,34.9,34.9,34.9,34.9,34.9,34.9,34.9,34.9,34.9,34.9,34.9,34.9,34.9,34.9,34.9,34.9,34.9,34.9,34.9
231,"ETH","Ethiopia",31.9,31.9,31.9,31.9,31.9,31.9,31.9,31.9,31.9,31.9,31.9,31.9,31.9,31.9,31.9,31.9,31.9,31.9,31.9,31.9,31.9,31.9,31.9,31.9,31.9,31.9,31.9,31.9,31.9,31.9
234,"FRO","Faeroe Islands",NA,NA,NA,NA,NA,NA,NA,NA,NA,NA,NA,NA,NA,NA,NA,NA,NA,NA,NA,NA,NA,NA,NA,NA,NA,NA,NA,NA,NA,NA
238,"FLK","Falkland Islands",NA,NA,NA,NA,NA,NA,NA,NA,NA,NA,NA,NA,NA,NA,NA,NA,NA,NA,NA,NA,NA,NA,NA,NA,NA,NA,NA,NA,NA,NA
242,"FJI","Fiji",40.8,40.8,40.8,40.8,40.8,40.8,40.8,40.8,40.8,40.8,40.8,40.8,40.8,40.8,40.8,40.8,40.8,40.8,40.8,40.8,40.8,40.8,40.8,40.8,40.8,40.8,40.8,40.8,40.8,40.8
246,"FIN","Finland",41.3,41.3,41.3,41.3,41.3,41.3,41.3,41.3,41.3,41.3,41.3,41.3,41.3,41.3,41.3,41.3,41.3,41.3,41.3,41.3,41.3,41.3,41.3,41.3,41.3,41.3,41.3,41.3,41.3,41.3
250,"FRA","France",49.3,49.3,49.3,49.3,49.3,49.3,49.3,49.3,49.3,49.3,49.3,49.3,49.3,49.3,49.3,49.3,49.3,49.3,49.3,49.3,49.3,49.3,49.3,49.3,49.3,49.3,49.3,49.3,49.3,49.3
258,"PYF","French Polynesia",NA,NA,NA,NA,NA,NA,NA,NA,NA,NA,NA,NA,NA,NA,NA,NA,NA,NA,NA,NA,NA,NA,NA,NA,NA,NA,NA,NA,NA,NA
266,"GAB","Gabon",47.9,47.9,47.9,47.9,47.9,47.9,47.9,47.9,47.9,47.9,47.9,47.9,47.9,47.9,47.9,47.9,47.9,47.9,47.9,47.9,47.9,47.9,47.9,47.9,47.9,47.9,47.9,47.9,47.9,47.9
270,"GMB","Gambia",37.3,37.3,37.3,37.3,37.3,37.3,37.3,37.3,37.3,37.3,37.3,37.3,37.3,37.3,37.3,37.3,37.3,37.3,37.3,37.3,37.3,37.3,37.3,37.3,37.3,37.3,37.3,37.3,37.3,37.3
268,"GEO","Georgia",61.6,61.6,61.6,61.6,61.6,61.6,61.6,61.6,61.6,61.6,61.6,61.6,61.6,61.6,61.6,61.6,61.6,61.6,61.6,61.6,61.6,61.6,61.6,61.6,61.6,61.6,61.6,61.6,61.6,61.6
276,"DEU","Germany",49.9,49.9,49.9,49.9,49.9,49.9,49.9,49.9,49.9,49.9,49.9,49.9,49.9,49.9,49.9,49.9,49.9,49.9,49.9,49.9,49.9,49.9,49.9,49.9,49.9,49.9,49.9,49.9,49.9,49.9
288,"GHA","Ghana",24.5,24.5,24.5,24.5,24.5,24.5,24.5,24.5,24.5,24.5,24.5,24.5,24.5,24.5,24.5,24.5,24.5,24.5,24.5,24.5,24.5,24.5,24.5,24.5,24.5,24.5,24.5,24.5,24.5,24.5
300,"GRC","Greece",48.1,48.1,48.1,48.1,48.1,48.1,48.1,48.1,48.1,48.1,48.1,48.1,48.1,48.1,48.1,48.1,48.1,48.1,48.1,48.1,48.1,48.1,48.1,48.1,48.1,48.1,48.1,48.1,48.1,48.1
304,"GRL","Greenland",NA,NA,NA,NA,NA,NA,NA,NA,NA,NA,NA,NA,NA,NA,NA,NA,NA,NA,NA,NA,NA,NA,NA,NA,NA,NA,NA,NA,NA,NA
308,"GRD","Grenada",40,40,40,40,40,40,40,40,40,40,40,40,40,40,40,40,40,40,40,40,40,40,40,40,40,40,40,40,40,40
320,"GTM","Guatemala",19.8,19.8,19.8,19.8,19.8,19.8,19.8,19.8,19.8,19.8,19.8,19.8,19.8,19.8,19.8,19.8,19.8,19.8,19.8,19.8,19.8,19.8,19.8,19.8,19.8,19.8,19.8,19.8,19.8,19.8
831,"GGY","Guernsey",61.8,61.8,61.8,61.8,61.8,61.8,61.8,61.8,61.8,61.8,61.8,61.8,61.8,61.8,61.8,61.8,61.8,61.8,61.8,61.8,61.8,61.8,61.8,61.8,61.8,61.8,61.8,61.8,61.8,61.8
324,"GIN","Guinea",8.3,8.3,8.3,8.3,8.3,8.3,8.3,8.3,8.3,8.3,8.3,8.3,8.3,8.3,8.3,8.3,8.3,8.3,8.3,8.3,8.3,8.3,8.3,8.3,8.3,8.3,8.3,8.3,8.3,8.3
624,"GNB","Guinea-Bissau",11.8,11.8,11.8,11.8,11.8,11.8,11.8,11.8,11.8,11.8,11.8,11.8,11.8,11.8,11.8,11.8,11.8,11.8,11.8,11.8,11.8,11.8,11.8,11.8,11.8,11.8,11.8,11.8,11.8,11.8
328,"GUY","Guyana",48.2,48.2,48.2,48.2,48.2,48.2,48.2,48.2,48.2,48.2,48.2,48.2,48.2,48.2,48.2,48.2,48.2,48.2,48.2,48.2,48.2,48.2,48.2,48.2,48.2,48.2,48.2,48.2,48.2,48.2
332,"HTI","Haiti",48.5,48.5,48.5,48.5,48.5,48.5,48.5,48.5,48.5,48.5,48.5,48.5,48.5,48.5,48.5,48.5,48.5,48.5,48.5,48.5,48.5,48.5,48.5,48.5,48.5,48.5,48.5,48.5,48.5,48.5
336,"VAT","Holy See",52.3,52.3,52.3,52.3,52.3,52.3,52.3,52.3,52.3,52.3,52.3,52.3,52.3,52.3,52.3,52.3,52.3,52.3,52.3,52.3,52.3,52.3,52.3,52.3,52.3,52.3,52.3,52.3,52.3,52.3
340,"HND","Honduras",35,35,35,35,35,35,35,35,35,35,35,35,35,35,35,35,35,35,35,35,35,35,35,35,35,35,35,35,35,35
344,"HKG","Hong Kong",49.4,49.4,49.4,49.4,49.4,49.4,49.4,49.4,49.4,49.4,49.4,49.4,49.4,49.4,49.4,49.4,49.4,49.4,49.4,49.4,49.4,49.4,49.4,49.4,49.4,49.4,49.4,49.4,49.4,49.4
348,"HUN","Hungary",70.6,70.6,70.6,70.6,70.6,70.6,70.6,70.6,70.6,70.6,70.6,70.6,70.6,70.6,70.6,70.6,70.6,70.6,70.6,70.6,70.6,70.6,70.6,70.6,70.6,70.6,70.6,70.6,70.6,70.6
352,"ISL","Iceland",NA,NA,NA,NA,NA,NA,NA,NA,NA,NA,NA,NA,NA,NA,NA,NA,NA,NA,NA,NA,NA,NA,NA,NA,NA,NA,NA,NA,NA,NA
356,"IND","India",56.6,56.6,56.6,56.6,56.6,56.6,56.6,56.6,56.6,56.6,56.6,56.6,56.6,56.6,56.6,56.6,56.6,56.6,56.6,56.6,56.6,56.6,56.6,56.6,56.6,56.6,56.6,56.6,56.6,56.6
360,"IDN","Indonesia",36.9,36.9,36.9,36.9,36.9,36.9,36.9,36.9,36.9,36.9,36.9,36.9,36.9,36.9,36.9,36.9,36.9,36.9,36.9,36.9,36.9,36.9,36.9,36.9,36.9,36.9,36.9,36.9,36.9,36.9
364,"IRN","Iran",NA,NA,NA,NA,NA,NA,NA,NA,NA,NA,NA,NA,NA,NA,NA,NA,NA,NA,NA,NA,NA,NA,NA,NA,NA,NA,NA,NA,NA,NA
368,"IRQ","Iraq",NA,NA,NA,NA,NA,NA,NA,NA,NA,NA,NA,NA,NA,NA,NA,NA,NA,NA,NA,NA,NA,NA,NA,NA,NA,NA,NA,NA,NA,NA
372,"IRL","Ireland",NA,NA,NA,NA,NA,NA,NA,NA,NA,NA,NA,NA,NA,NA,NA,NA,NA,NA,NA,NA,NA,NA,NA,NA,NA,NA,NA,NA,NA,NA
833,"IMN","Isle of Man",39.5,39.5,39.5,39.5,39.5,39.5,39.5,39.5,39.5,39.5,39.5,39.5,39.5,39.5,39.5,39.5,39.5,39.5,39.5,39.5,39.5,39.5,39.5,39.5,39.5,39.5,39.5,39.5,39.5,39.5
376,"ISR","Israel",NA,NA,NA,NA,NA,NA,NA,NA,NA,NA,NA,NA,NA,NA,NA,NA,NA,NA,NA,NA,NA,NA,NA,NA,NA,NA,NA,NA,NA,NA
380,"ITA","Italy",48.5,48.5,48.5,48.5,48.5,48.5,48.5,48.5,48.5,48.5,48.5,48.5,48.5,48.5,48.5,48.5,48.5,48.5,48.5,48.5,48.5,48.5,48.5,48.5,48.5,48.5,48.5,48.5,48.5,48.5
388,"JAM","Jamaica",45.6,45.6,45.6,45.6,45.6,45.6,45.6,45.6,45.6,45.6,45.6,45.6,45.6,45.6,45.6,45.6,45.6,45.6,45.6,45.6,45.6,45.6,45.6,45.6,45.6,45.6,45.6,45.6,45.6,45.6
392,"JPN","Japan",47.3,47.3,47.3,47.3,47.3,47.3,47.3,47.3,47.3,47.3,47.3,47.3,47.3,47.3,47.3,47.3,47.3,47.3,47.3,47.3,47.3,47.3,47.3,47.3,47.3,47.3,47.3,47.3,47.3,47.3
832,"JEY","Jersey",71.3,71.3,71.3,71.3,71.3,71.3,71.3,71.3,71.3,71.3,71.3,71.3,71.3,71.3,71.3,71.3,71.3,71.3,71.3,71.3,71.3,71.3,71.3,71.3,71.3,71.3,71.3,71.3,71.3,71.3
400,"JOR","Jordan",NA,NA,NA,NA,NA,NA,NA,NA,NA,NA,NA,NA,NA,NA,NA,NA,NA,NA,NA,NA,NA,NA,NA,NA,NA,NA,NA,NA,NA,NA
398,"KAZ","Kazakhstan",NA,NA,NA,NA,NA,NA,NA,NA,NA,NA,NA,NA,NA,NA,NA,NA,NA,NA,NA,NA,NA,NA,NA,NA,NA,NA,NA,NA,NA,NA
404,"KEN","Kenya",NA,NA,NA,NA,NA,NA,NA,NA,NA,NA,NA,NA,NA,NA,NA,NA,NA,NA,NA,NA,NA,NA,NA,NA,NA,NA,NA,NA,NA,NA
296,"KIR","Kiribati",NA,NA,NA,NA,NA,NA,NA,NA,NA,NA,NA,NA,NA,NA,NA,NA,NA,NA,NA,NA,NA,NA,NA,NA,NA,NA,NA,NA,NA,NA
689,"XKX","Kosovo",44.4,44.4,44.4,44.4,44.4,44.4,44.4,44.4,44.4,44.4,44.4,44.4,44.4,44.4,44.4,44.4,44.4,44.4,44.4,44.4,44.4,44.4,44.4,44.4,44.4,44.4,44.4,44.4,44.4,44.4
414,"KWT","Kuwait",NA,NA,NA,NA,NA,NA,NA,NA,NA,NA,NA,NA,NA,NA,NA,NA,NA,NA,NA,NA,NA,NA,NA,NA,NA,NA,NA,NA,NA,NA
417,"KGZ","Kyrgyzstan",NA,NA,NA,NA,NA,NA,NA,NA,NA,NA,NA,NA,NA,NA,NA,NA,NA,NA,NA,NA,NA,NA,NA,NA,NA,NA,NA,NA,NA,NA
418,"LAO","Laos",14.2,14.2,14.2,14.2,14.2,14.2,14.2,14.2,14.2,14.2,14.2,14.2,14.2,14.2,14.2,14.2,14.2,14.2,14.2,14.2,14.2,14.2,14.2,14.2,14.2,14.2,14.2,14.2,14.2,14.2
428,"LVA","Latvia",50.7,50.7,50.7,50.7,50.7,50.7,50.7,50.7,50.7,50.7,50.7,50.7,50.7,50.7,50.7,50.7,50.7,50.7,50.7,50.7,50.7,50.7,50.7,50.7,50.7,50.7,50.7,50.7,50.7,50.7
422,"LBN","Lebanon",60.8,60.8,60.8,60.8,60.8,60.8,60.8,60.8,60.8,60.8,60.8,60.8,60.8,60.8,60.8,60.8,60.8,60.8,60.8,60.8,60.8,60.8,60.8,60.8,60.8,60.8,60.8,60.8,60.8,60.8
426,"LSO","Lesotho",53.3,53.3,53.3,53.3,53.3,53.3,53.3,53.3,53.3,53.3,53.3,53.3,53.3,53.3,53.3,53.3,53.3,53.3,53.3,53.3,53.3,53.3,53.3,53.3,53.3,53.3,53.3,53.3,53.3,53.3
430,"LBR","Liberia",32.1,32.1,32.1,32.1,32.1,32.1,32.1,32.1,32.1,32.1,32.1,32.1,32.1,32.1,32.1,32.1,32.1,32.1,32.1,32.1,32.1,32.1,32.1,32.1,32.1,32.1,32.1,32.1,32.1,32.1
434,"LBY","Libya",NA,NA,NA,NA,NA,NA,NA,NA,NA,NA,NA,NA,NA,NA,NA,NA,NA,NA,NA,NA,NA,NA,NA,NA,NA,NA,NA,NA,NA,NA
438,"LIE","Liechtenstein",43.8,43.8,43.8,43.8,43.8,43.8,43.8,43.8,43.8,43.8,43.8,43.8,43.8,43.8,43.8,43.8,43.8,43.8,43.8,43.8,43.8,43.8,43.8,43.8,43.8,43.8,43.8,43.8,43.8,43.8
440,"LTU","Lithuania",79,79,79,79,79,79,79,79,79,79,79,79,79,79,79,79,79,79,79,79,79,79,79,79,79,79,79,79,79,79
442,"LUX","Luxembourg",51.4,51.4,51.4,51.4,51.4,51.4,51.4,51.4,51.4,51.4,51.4,51.4,51.4,51.4,51.4,51.4,51.4,51.4,51.4,51.4,51.4,51.4,51.4,51.4,51.4,51.4,51.4,51.4,51.4,51.4
446,"MAC","Macao",17.4,17.4,17.4,17.4,17.4,17.4,17.4,17.4,17.4,17.4,17.4,17.4,17.4,17.4,17.4,17.4,17.4,17.4,17.4,17.4,17.4,17.4,17.4,17.4,17.4,17.4,17.4,17.4,17.4,17.4
450,"MDG","Madagascar",20.5,20.5,20.5,20.5,20.5,20.5,20.5,20.5,20.5,20.5,20.5,20.5,20.5,20.5,20.5,20.5,20.5,20.5,20.5,20.5,20.5,20.5,20.5,20.5,20.5,20.5,20.5,20.5,20.5,20.5
454,"MWI","Malawi",10.6,10.6,10.6,10.6,10.6,10.6,10.6,10.6,10.6,10.6,10.6,10.6,10.6,10.6,10.6,10.6,10.6,10.6,10.6,10.6,10.6,10.6,10.6,10.6,10.6,10.6,10.6,10.6,10.6,10.6
458,"MYS","Malaysia",31.1,31.1,31.1,31.1,31.1,31.1,31.1,31.1,31.1,31.1,31.1,31.1,31.1,31.1,31.1,31.1,31.1,31.1,31.1,31.1,31.1,31.1,31.1,31.1,31.1,31.1,31.1,31.1,31.1,31.1
462,"MDV","Maldives",52,52,52,52,52,52,52,52,52,52,52,52,52,52,52,52,52,52,52,52,52,52,52,52,52,52,52,52,52,52
466,"MLI","Mali",NA,NA,NA,NA,NA,NA,NA,NA,NA,NA,NA,NA,NA,NA,NA,NA,NA,NA,NA,NA,NA,NA,NA,NA,NA,NA,NA,NA,NA,NA
470,"MLT","Malta",NA,NA,NA,NA,NA,NA,NA,NA,NA,NA,NA,NA,NA,NA,NA,NA,NA,NA,NA,NA,NA,NA,NA,NA,NA,NA,NA,NA,NA,NA
584,"MHL","Marshall Islands",NA,NA,NA,NA,NA,NA,NA,NA,NA,NA,NA,NA,NA,NA,NA,NA,NA,NA,NA,NA,NA,NA,NA,NA,NA,NA,NA,NA,NA,NA
478,"MRT","Mauritania",NA,NA,NA,NA,NA,NA,NA,NA,NA,NA,NA,NA,NA,NA,NA,NA,NA,NA,NA,NA,NA,NA,NA,NA,NA,NA,NA,NA,NA,NA
480,"MUS","Mauritius",NA,NA,NA,NA,NA,NA,NA,NA,NA,NA,NA,NA,NA,NA,NA,NA,NA,NA,NA,NA,NA,NA,NA,NA,NA,NA,NA,NA,NA,NA
484,"MEX","Mexico",43.8,43.8,43.8,43.8,43.8,43.8,43.8,43.8,43.8,43.8,43.8,43.8,43.8,43.8,43.8,43.8,43.8,43.8,43.8,43.8,43.8,43.8,43.8,43.8,43.8,43.8,43.8,43.8,43.8,43.8
583,"FSM","Micronesia",NA,NA,NA,NA,NA,NA,NA,NA,NA,NA,NA,NA,NA,NA,NA,NA,NA,NA,NA,NA,NA,NA,NA,NA,NA,NA,NA,NA,NA,NA
498,"MDA","Moldova",NA,NA,NA,NA,NA,NA,NA,NA,NA,NA,NA,NA,NA,NA,NA,NA,NA,NA,NA,NA,NA,NA,NA,NA,NA,NA,NA,NA,NA,NA
492,"MCO","Monaco",NA,NA,NA,NA,NA,NA,NA,NA,NA,NA,NA,NA,NA,NA,NA,NA,NA,NA,NA,NA,NA,NA,NA,NA,NA,NA,NA,NA,NA,NA
496,"MNG","Mongolia",NA,NA,NA,NA,NA,NA,NA,NA,NA,NA,NA,NA,NA,NA,NA,NA,NA,NA,NA,NA,NA,NA,NA,NA,NA,NA,NA,NA,NA,NA
499,"MNE","Montenegro",40.9,40.9,40.9,40.9,40.9,40.9,40.9,40.9,40.9,40.9,40.9,40.9,40.9,40.9,40.9,40.9,40.9,40.9,40.9,40.9,40.9,40.9,40.9,40.9,40.9,40.9,40.9,40.9,40.9,40.9
504,"MAR","Morocco",NA,NA,NA,NA,NA,NA,NA,NA,NA,NA,NA,NA,NA,NA,NA,NA,NA,NA,NA,NA,NA,NA,NA,NA,NA,NA,NA,NA,NA,NA
508,"MOZ","Mozambique",0,0,0,0,0,0,0,0,0,0,0,0,0,0,0,0,0,0,0,0,0,0,0,0,0,0,0,0,0,0
104,"MMR","Myanmar",32.7,32.7,32.7,32.7,32.7,32.7,32.7,32.7,32.7,32.7,32.7,32.7,32.7,32.7,32.7,32.7,32.7,32.7,32.7,32.7,32.7,32.7,32.7,32.7,32.7,32.7,32.7,32.7,32.7,32.7
516,"NAM","Namibia",NA,NA,NA,NA,NA,NA,NA,NA,NA,NA,NA,NA,NA,NA,NA,NA,NA,NA,NA,NA,NA,NA,NA,NA,NA,NA,NA,NA,NA,NA
520,"NRU","Nauru",NA,NA,NA,NA,NA,NA,NA,NA,NA,NA,NA,NA,NA,NA,NA,NA,NA,NA,NA,NA,NA,NA,NA,NA,NA,NA,NA,NA,NA,NA
524,"NPL","Nepal",57.3,57.3,57.3,57.3,57.3,57.3,57.3,57.3,57.3,57.3,57.3,57.3,57.3,57.3,57.3,57.3,57.3,57.3,57.3,57.3,57.3,57.3,57.3,57.3,57.3,57.3,57.3,57.3,57.3,57.3
528,"NLD","Netherlands",84.8,84.8,84.8,84.8,84.8,84.8,84.8,84.8,84.8,84.8,84.8,84.8,84.8,84.8,84.8,84.8,84.8,84.8,84.8,84.8,84.8,84.8,84.8,84.8,84.8,84.8,84.8,84.8,84.8,84.8
540,"NCL","New Caledonia",44.9,44.9,44.9,44.9,44.9,44.9,44.9,44.9,44.9,44.9,44.9,44.9,44.9,44.9,44.9,44.9,44.9,44.9,44.9,44.9,44.9,44.9,44.9,44.9,44.9,44.9,44.9,44.9,44.9,44.9
554,"NZL","New Zealand",45.1,45.1,45.1,45.1,45.1,45.1,45.1,45.1,45.1,45.1,45.1,45.1,45.1,45.1,45.1,45.1,45.1,45.1,45.1,45.1,45.1,45.1,45.1,45.1,45.1,45.1,45.1,45.1,45.1,45.1
558,"NIC","Nicaragua",0,0,0,0,0,0,0,0,0,0,0,0,0,0,0,0,0,0,0,0,0,0,0,0,0,0,0,0,0,0
562,"NER","Niger",NA,NA,NA,NA,NA,NA,NA,NA,NA,NA,NA,NA,NA,NA,NA,NA,NA,NA,NA,NA,NA,NA,NA,NA,NA,NA,NA,NA,NA,NA
566,"NGA","Nigeria",19.7,19.7,19.7,19.7,19.7,19.7,19.7,19.7,19.7,19.7,19.7,19.7,19.7,19.7,19.7,19.7,19.7,19.7,19.7,19.7,19.7,19.7,19.7,19.7,19.7,19.7,19.7,19.7,19.7,19.7
570,"NIU","Niue",NA,NA,NA,NA,NA,NA,NA,NA,NA,NA,NA,NA,NA,NA,NA,NA,NA,NA,NA,NA,NA,NA,NA,NA,NA,NA,NA,NA,NA,NA
408,"PRK","North Korea",55.6,55.6,55.6,55.6,55.6,55.6,55.6,55.6,55.6,55.6,55.6,55.6,55.6,55.6,55.6,55.6,55.6,55.6,55.6,55.6,55.6,55.6,55.6,55.6,55.6,55.6,55.6,55.6,55.6,55.6
807,"MKD","North Macedonia",43.3,43.3,43.3,43.3,43.3,43.3,43.3,43.3,43.3,43.3,43.3,43.3,43.3,43.3,43.3,43.3,43.3,43.3,43.3,43.3,43.3,43.3,43.3,43.3,43.3,43.3,43.3,43.3,43.3,43.3
578,"NOR","Norway",43.2,43.2,43.2,43.2,43.2,43.2,43.2,43.2,43.2,43.2,43.2,43.2,43.2,43.2,43.2,43.2,43.2,43.2,43.2,43.2,43.2,43.2,43.2,43.2,43.2,43.2,43.2,43.2,43.2,43.2
512,"OMN","Oman",NA,NA,NA,NA,NA,NA,NA,NA,NA,NA,NA,NA,NA,NA,NA,NA,NA,NA,NA,NA,NA,NA,NA,NA,NA,NA,NA,NA,NA,NA
586,"PAK","Pakistan",NA,NA,NA,NA,NA,NA,NA,NA,NA,NA,NA,NA,NA,NA,NA,NA,NA,NA,NA,NA,NA,NA,NA,NA,NA,NA,NA,NA,NA,NA
585,"PLW","Palau",48.9,48.9,48.9,48.9,48.9,48.9,48.9,48.9,48.9,48.9,48.9,48.9,48.9,48.9,48.9,48.9,48.9,48.9,48.9,48.9,48.9,48.9,48.9,48.9,48.9,48.9,48.9,48.9,48.9,48.9
591,"PAN","Panama",32.5,32.5,32.5,32.5,32.5,32.5,32.5,32.5,32.5,32.5,32.5,32.5,32.5,32.5,32.5,32.5,32.5,32.5,32.5,32.5,32.5,32.5,32.5,32.5,32.5,32.5,32.5,32.5,32.5,32.5
598,"PNG","Papua New Guinea",49.6,49.6,49.6,49.6,49.6,49.6,49.6,49.6,49.6,49.6,49.6,49.6,49.6,49.6,49.6,49.6,49.6,49.6,49.6,49.6,49.6,49.6,49.6,49.6,49.6,49.6,49.6,49.6,49.6,49.6
600,"PRY","Paraguay",0,0,0,0,0,0,0,0,0,0,0,0,0,0,0,0,0,0,0,0,0,0,0,0,0,0,0,0,0,0
604,"PER","Peru",45.1,45.1,45.1,45.1,45.1,45.1,45.1,45.1,45.1,45.1,45.1,45.1,45.1,45.1,45.1,45.1,45.1,45.1,45.1,45.1,45.1,45.1,45.1,45.1,45.1,45.1,45.1,45.1,45.1,45.1
608,"PHL","Philippines",42.8,42.8,42.8,42.8,42.8,42.8,42.8,42.8,42.8,42.8,42.8,42.8,42.8,42.8,42.8,42.8,42.8,42.8,42.8,42.8,42.8,42.8,42.8,42.8,42.8,42.8,42.8,42.8,42.8,42.8
616,"POL","Poland",69.2,69.2,69.2,69.2,69.2,69.2,69.2,69.2,69.2,69.2,69.2,69.2,69.2,69.2,69.2,69.2,69.2,69.2,69.2,69.2,69.2,69.2,69.2,69.2,69.2,69.2,69.2,69.2,69.2,69.2
620,"PRT","Portugal",33.1,33.1,33.1,33.1,33.1,33.1,33.1,33.1,33.1,33.1,33.1,33.1,33.1,33.1,33.1,33.1,33.1,33.1,33.1,33.1,33.1,33.1,33.1,33.1,33.1,33.1,33.1,33.1,33.1,33.1
634,"QAT","Qatar",NA,NA,NA,NA,NA,NA,NA,NA,NA,NA,NA,NA,NA,NA,NA,NA,NA,NA,NA,NA,NA,NA,NA,NA,NA,NA,NA,NA,NA,NA
178,"COG","Republic of Congo",43.1,43.1,43.1,43.1,43.1,43.1,43.1,43.1,43.1,43.1,43.1,43.1,43.1,43.1,43.1,43.1,43.1,43.1,43.1,43.1,43.1,43.1,43.1,43.1,43.1,43.1,43.1,43.1,43.1,43.1
642,"ROU","Romania",57.3,57.3,57.3,57.3,57.3,57.3,57.3,57.3,57.3,57.3,57.3,57.3,57.3,57.3,57.3,57.3,57.3,57.3,57.3,57.3,57.3,57.3,57.3,57.3,57.3,57.3,57.3,57.3,57.3,57.3
643,"RUS","Russia",49.9,49.9,49.9,49.9,49.9,49.9,49.9,49.9,49.9,49.9,49.9,49.9,49.9,49.9,49.9,49.9,49.9,49.9,49.9,49.9,49.9,49.9,49.9,49.9,49.9,49.9,49.9,49.9,49.9,49.9
646,"RWA","Rwanda",35.7,35.7,35.7,35.7,35.7,35.7,35.7,35.7,35.7,35.7,35.7,35.7,35.7,35.7,35.7,35.7,35.7,35.7,35.7,35.7,35.7,35.7,35.7,35.7,35.7,35.7,35.7,35.7,35.7,35.7
652,"BLM","Saint Barthelemy",30.3,30.3,30.3,30.3,30.3,30.3,30.3,30.3,30.3,30.3,30.3,30.3,30.3,30.3,30.3,30.3,30.3,30.3,30.3,30.3,30.3,30.3,30.3,30.3,30.3,30.3,30.3,30.3,30.3,30.3
659,"KNA","Saint Kitts and Nevis",55.9,55.9,55.9,55.9,55.9,55.9,55.9,55.9,55.9,55.9,55.9,55.9,55.9,55.9,55.9,55.9,55.9,55.9,55.9,55.9,55.9,55.9,55.9,55.9,55.9,55.9,55.9,55.9,55.9,55.9
662,"LCA","Saint Lucia",43.2,43.2,43.2,43.2,43.2,43.2,43.2,43.2,43.2,43.2,43.2,43.2,43.2,43.2,43.2,43.2,43.2,43.2,43.2,43.2,43.2,43.2,43.2,43.2,43.2,43.2,43.2,43.2,43.2,43.2
670,"VCT","Saint Vincent and the Grenadines",38.3,38.3,38.3,38.3,38.3,38.3,38.3,38.3,38.3,38.3,38.3,38.3,38.3,38.3,38.3,38.3,38.3,38.3,38.3,38.3,38.3,38.3,38.3,38.3,38.3,38.3,38.3,38.3,38.3,38.3
882,"WSM","Samoa",NA,NA,NA,NA,NA,NA,NA,NA,NA,NA,NA,NA,NA,NA,NA,NA,NA,NA,NA,NA,NA,NA,NA,NA,NA,NA,NA,NA,NA,NA
674,"SMR","San Marino",55.3,55.3,55.3,55.3,55.3,55.3,55.3,55.3,55.3,55.3,55.3,55.3,55.3,55.3,55.3,55.3,55.3,55.3,55.3,55.3,55.3,55.3,55.3,55.3,55.3,55.3,55.3,55.3,55.3,55.3
678,"STP","Sao Tome and Principe",NA,NA,NA,NA,NA,NA,NA,NA,NA,NA,NA,NA,NA,NA,NA,NA,NA,NA,NA,NA,NA,NA,NA,NA,NA,NA,NA,NA,NA,NA
682,"SAU","Saudi Arabia",NA,NA,NA,NA,NA,NA,NA,NA,NA,NA,NA,NA,NA,NA,NA,NA,NA,NA,NA,NA,NA,NA,NA,NA,NA,NA,NA,NA,NA,NA
686,"SEN","Senegal",46.2,46.2,46.2,46.2,46.2,46.2,46.2,46.2,46.2,46.2,46.2,46.2,46.2,46.2,46.2,46.2,46.2,46.2,46.2,46.2,46.2,46.2,46.2,46.2,46.2,46.2,46.2,46.2,46.2,46.2
688,"SRB","Serbia",55.9,55.9,55.9,55.9,55.9,55.9,55.9,55.9,55.9,55.9,55.9,55.9,55.9,55.9,55.9,55.9,55.9,55.9,55.9,55.9,55.9,55.9,55.9,55.9,55.9,55.9,55.9,55.9,55.9,55.9
690,"SYC","Seychelles",NA,NA,NA,NA,NA,NA,NA,NA,NA,NA,NA,NA,NA,NA,NA,NA,NA,NA,NA,NA,NA,NA,NA,NA,NA,NA,NA,NA,NA,NA
694,"SLE","Sierra Leone",4.9,4.9,4.9,4.9,4.9,4.9,4.9,4.9,4.9,4.9,4.9,4.9,4.9,4.9,4.9,4.9,4.9,4.9,4.9,4.9,4.9,4.9,4.9,4.9,4.9,4.9,4.9,4.9,4.9,4.9
702,"SGP","Singapore",40.7,40.7,40.7,40.7,40.7,40.7,40.7,40.7,40.7,40.7,40.7,40.7,40.7,40.7,40.7,40.7,40.7,40.7,40.7,40.7,40.7,40.7,40.7,40.7,40.7,40.7,40.7,40.7,40.7,40.7
534,"SXM","Sint Maarten",38.2,38.2,38.2,38.2,38.2,38.2,38.2,38.2,38.2,38.2,38.2,38.2,38.2,38.2,38.2,38.2,38.2,38.2,38.2,38.2,38.2,38.2,38.2,38.2,38.2,38.2,38.2,38.2,38.2,38.2
703,"SVK","Slovakia",42.1,42.1,42.1,42.1,42.1,42.1,42.1,42.1,42.1,42.1,42.1,42.1,42.1,42.1,42.1,42.1,42.1,42.1,42.1,42.1,42.1,42.1,42.1,42.1,42.1,42.1,42.1,42.1,42.1,42.1
705,"SVN","Slovenia",47.6,47.6,47.6,47.6,47.6,47.6,47.6,47.6,47.6,47.6,47.6,47.6,47.6,47.6,47.6,47.6,47.6,47.6,47.6,47.6,47.6,47.6,47.6,47.6,47.6,47.6,47.6,47.6,47.6,47.6
90,"SLB","Solomon Islands",45.8,45.8,45.8,45.8,45.8,45.8,45.8,45.8,45.8,45.8,45.8,45.8,45.8,45.8,45.8,45.8,45.8,45.8,45.8,45.8,45.8,45.8,45.8,45.8,45.8,45.8,45.8,45.8,45.8,45.8
706,"SOM","Somalia",NA,NA,NA,NA,NA,NA,NA,NA,NA,NA,NA,NA,NA,NA,NA,NA,NA,NA,NA,NA,NA,NA,NA,NA,NA,NA,NA,NA,NA,NA
710,"ZAF","South Africa",NA,NA,NA,NA,NA,NA,NA,NA,NA,NA,NA,NA,NA,NA,NA,NA,NA,NA,NA,NA,NA,NA,NA,NA,NA,NA,NA,NA,NA,NA
410,"KOR","South Korea",44.9,44.9,44.9,44.9,44.9,44.9,44.9,44.9,44.9,44.9,44.9,44.9,44.9,44.9,44.9,44.9,44.9,44.9,44.9,44.9,44.9,44.9,44.9,44.9,44.9,44.9,44.9,44.9,44.9,44.9
728,"SSD","South Sudan",55.3,55.3,55.3,55.3,55.3,55.3,55.3,55.3,55.3,55.3,55.3,55.3,55.3,55.3,55.3,55.3,55.3,55.3,55.3,55.3,55.3,55.3,55.3,55.3,55.3,55.3,55.3,55.3,55.3,55.3
724,"ESP","Spain",51.3,51.3,51.3,51.3,51.3,51.3,51.3,51.3,51.3,51.3,51.3,51.3,51.3,51.3,51.3,51.3,51.3,51.3,51.3,51.3,51.3,51.3,51.3,51.3,51.3,51.3,51.3,51.3,51.3,51.3
144,"LKA","Sri Lanka",31,31,31,31,31,31,31,31,31,31,31,31,31,31,31,31,31,31,31,31,31,31,31,31,31,31,31,31,31,31
275,"PSE","State of Palestine",NA,NA,NA,NA,NA,NA,NA,NA,NA,NA,NA,NA,NA,NA,NA,NA,NA,NA,NA,NA,NA,NA,NA,NA,NA,NA,NA,NA,NA,NA
729,"SDN","Sudan",NA,NA,NA,NA,NA,NA,NA,NA,NA,NA,NA,NA,NA,NA,NA,NA,NA,NA,NA,NA,NA,NA,NA,NA,NA,NA,NA,NA,NA,NA
740,"SUR","Suriname",47.9,47.9,47.9,47.9,47.9,47.9,47.9,47.9,47.9,47.9,47.9,47.9,47.9,47.9,47.9,47.9,47.9,47.9,47.9,47.9,47.9,47.9,47.9,47.9,47.9,47.9,47.9,47.9,47.9,47.9
752,"SWE","Sweden",32.5,32.5,32.5,32.5,32.5,32.5,32.5,32.5,32.5,32.5,32.5,32.5,32.5,32.5,32.5,32.5,32.5,32.5,32.5,32.5,32.5,32.5,32.5,32.5,32.5,32.5,32.5,32.5,32.5,32.5
756,"CHE","Switzerland",46.2,46.2,46.2,46.2,46.2,46.2,46.2,46.2,46.2,46.2,46.2,46.2,46.2,46.2,46.2,46.2,46.2,46.2,46.2,46.2,46.2,46.2,46.2,46.2,46.2,46.2,46.2,46.2,46.2,46.2
760,"SYR","Syria",NA,NA,NA,NA,NA,NA,NA,NA,NA,NA,NA,NA,NA,NA,NA,NA,NA,NA,NA,NA,NA,NA,NA,NA,NA,NA,NA,NA,NA,NA
158,"TWN","Taiwan",50.8,50.8,50.8,50.8,50.8,50.8,50.8,50.8,50.8,50.8,50.8,50.8,50.8,50.8,50.8,50.8,50.8,50.8,50.8,50.8,50.8,50.8,50.8,50.8,50.8,50.8,50.8,50.8,50.8,50.8
762,"TJK","Tajikistan",NA,NA,NA,NA,NA,NA,NA,NA,NA,NA,NA,NA,NA,NA,NA,NA,NA,NA,NA,NA,NA,NA,NA,NA,NA,NA,NA,NA,NA,NA
834,"TZA","Tanzania",0,0,0,0,0,0,0,0,0,0,0,0,0,0,0,0,0,0,0,0,0,0,0,0,0,0,0,0,0,0
764,"THA","Thailand",51.9,51.9,51.9,51.9,51.9,51.9,51.9,51.9,51.9,51.9,51.9,51.9,51.9,51.9,51.9,51.9,51.9,51.9,51.9,51.9,51.9,51.9,51.9,51.9,51.9,51.9,51.9,51.9,51.9,51.9
626,"TLS","Timor-Leste",49.5,49.5,49.5,49.5,49.5,49.5,49.5,49.5,49.5,49.5,49.5,49.5,49.5,49.5,49.5,49.5,49.5,49.5,49.5,49.5,49.5,49.5,49.5,49.5,49.5,49.5,49.5,49.5,49.5,49.5
768,"TGO","Togo",20.7,20.7,20.7,20.7,20.7,20.7,20.7,20.7,20.7,20.7,20.7,20.7,20.7,20.7,20.7,20.7,20.7,20.7,20.7,20.7,20.7,20.7,20.7,20.7,20.7,20.7,20.7,20.7,20.7,20.7
776,"TON","Tonga",NA,NA,NA,NA,NA,NA,NA,NA,NA,NA,NA,NA,NA,NA,NA,NA,NA,NA,NA,NA,NA,NA,NA,NA,NA,NA,NA,NA,NA,NA
780,"TTO","Trinidad and Tobago",34.1,34.1,34.1,34.1,34.1,34.1,34.1,34.1,34.1,34.1,34.1,34.1,34.1,34.1,34.1,34.1,34.1,34.1,34.1,34.1,34.1,34.1,34.1,34.1,34.1,34.1,34.1,34.1,34.1,34.1
788,"TUN","Tunisia",NA,NA,NA,NA,NA,NA,NA,NA,NA,NA,NA,NA,NA,NA,NA,NA,NA,NA,NA,NA,NA,NA,NA,NA,NA,NA,NA,NA,NA,NA
792,"TUR","Turkiye",53.3,53.3,53.3,53.3,53.3,53.3,53.3,53.3,53.3,53.3,53.3,53.3,53.3,53.3,53.3,53.3,53.3,53.3,53.3,53.3,53.3,53.3,53.3,53.3,53.3,53.3,53.3,53.3,53.3,53.3
795,"TKM","Turkmenistan",NA,NA,NA,NA,NA,NA,NA,NA,NA,NA,NA,NA,NA,NA,NA,NA,NA,NA,NA,NA,NA,NA,NA,NA,NA,NA,NA,NA,NA,NA
796,"TCA","Turks and Caicos Islands",NA,NA,NA,NA,NA,NA,NA,NA,NA,NA,NA,NA,NA,NA,NA,NA,NA,NA,NA,NA,NA,NA,NA,NA,NA,NA,NA,NA,NA,NA
798,"TUV","Tuvalu",NA,NA,NA,NA,NA,NA,NA,NA,NA,NA,NA,NA,NA,NA,NA,NA,NA,NA,NA,NA,NA,NA,NA,NA,NA,NA,NA,NA,NA,NA
800,"UGA","Uganda",0,0,0,0,0,0,0,0,0,0,0,0,0,0,0,0,0,0,0,0,0,0,0,0,0,0,0,0,0,0
804,"UKR","Ukraine",70.4,70.4,70.4,70.4,70.4,70.4,70.4,70.4,70.4,70.4,70.4,70.4,70.4,70.4,70.4,70.4,70.4,70.4,70.4,70.4,70.4,70.4,70.4,70.4,70.4,70.4,70.4,70.4,70.4,70.4
784,"ARE","United Arab Emirates",NA,NA,NA,NA,NA,NA,NA,NA,NA,NA,NA,NA,NA,NA,NA,NA,NA,NA,NA,NA,NA,NA,NA,NA,NA,NA,NA,NA,NA,NA
826,"GBR","United Kingdom",63.6,63.6,63.6,63.6,63.6,63.6,63.6,63.6,63.6,63.6,63.6,63.6,63.6,63.6,63.6,63.6,63.6,63.6,63.6,63.6,63.6,63.6,63.6,63.6,63.6,63.6,63.6,63.6,63.6,63.6
840,"USA","United States of America",43.9,43.9,43.9,43.9,43.9,43.9,43.9,43.9,43.9,43.9,43.9,43.9,43.9,43.9,43.9,43.9,43.9,43.9,43.9,43.9,43.9,43.9,43.9,43.9,43.9,43.9,43.9,43.9,43.9,43.9
858,"URY","Uruguay",NA,NA,NA,NA,NA,NA,NA,NA,NA,NA,NA,NA,NA,NA,NA,NA,NA,NA,NA,NA,NA,NA,NA,NA,NA,NA,NA,NA,NA,NA
860,"UZB","Uzbekistan",NA,NA,NA,NA,NA,NA,NA,NA,NA,NA,NA,NA,NA,NA,NA,NA,NA,NA,NA,NA,NA,NA,NA,NA,NA,NA,NA,NA,NA,NA
548,"VUT","Vanuatu",48.4,48.4,48.4,48.4,48.4,48.4,48.4,48.4,48.4,48.4,48.4,48.4,48.4,48.4,48.4,48.4,48.4,48.4,48.4,48.4,48.4,48.4,48.4,48.4,48.4,48.4,48.4,48.4,48.4,48.4
862,"VEN","Venezuela",37.6,37.6,37.6,37.6,37.6,37.6,37.6,37.6,37.6,37.6,37.6,37.6,37.6,37.6,37.6,37.6,37.6,37.6,37.6,37.6,37.6,37.6,37.6,37.6,37.6,37.6,37.6,37.6,37.6,37.6
704,"VNM","Viet Nam",34.3,34.3,34.3,34.3,34.3,34.3,34.3,34.3,34.3,34.3,34.3,34.3,34.3,34.3,34.3,34.3,34.3,34.3,34.3,34.3,34.3,34.3,34.3,34.3,34.3,34.3,34.3,34.3,34.3,34.3
876,"WLF","Wallis and Futuna Islands",NA,NA,NA,NA,NA,NA,NA,NA,NA,NA,NA,NA,NA,NA,NA,NA,NA,NA,NA,NA,NA,NA,NA,NA,NA,NA,NA,NA,NA,NA
732,"ESH","Western Sahara",NA,NA,NA,NA,NA,NA,NA,NA,NA,NA,NA,NA,NA,NA,NA,NA,NA,NA,NA,NA,NA,NA,NA,NA,NA,NA,NA,NA,NA,NA
887,"YEM","Yemen",NA,NA,NA,NA,NA,NA,NA,NA,NA,NA,NA,NA,NA,NA,NA,NA,NA,NA,NA,NA,NA,NA,NA,NA,NA,NA,NA,NA,NA,NA
894,"ZMB","Zambia",13.5,13.5,13.5,13.5,13.5,13.5,13.5,13.5,13.5,13.5,13.5,13.5,13.5,13.5,13.5,13.5,13.5,13.5,13.5,13.5,13.5,13.5,13.5,13.5,13.5,13.5,13.5,13.5,13.5,13.5
716,"ZWE","Zimbabwe",20.4,20.4,20.4,20.4,20.4,20.4,20.4,20.4,20.4,20.4,20.4,20.4,20.4,20.4,20.4,20.4,20.4,20.4,20.4,20.4,20.4,20.4,20.4,20.4,20.4,20.4,20.4,20.4,20.4,20.4
